cohort_type,payment_id,provider_payment_id,parent_order_id,parent_order_number,user_id,profile_id,product_id,tariff_id,amount,currency,paid_at,deal_month,parent_deal_month,sbs_source,bepaid_subscription_id_resolved,pipeline_id,pipeline_stage_id,offer_id,expected_rebill_order_number,refund_check,already_materialized_check,broad_status,risk_flags,recurring_evidence
broad,b6a3920b-898f-4927-9e0b-f1f9c7449bc9,ef8896f7-3a6a-4cca-a78c-08cd95b05b10,0bb9ee3f-06da-4574-b195-ead71c57a310,PAY-26-MNARLAF7,17b35d62-3142-4508-bb2e-995fbeec130c,17b35d62-3142-4508-bb2e-995fbeec130c,73c29914-63a3-4f4f-ac42-9f5287e58696,56c35e86-bd54-4bd8-850c-88f2d8eb1f7b,330.00,BYN,2026-01-14 15:23:34+00,2026-01,2025-12,NONE,,a0000001-0000-0000-0000-000000000003,b0000001-0003-0000-0000-000000000003,,REBILL-b6a3920b-898,clean,none,candidate,sbs_unresolved|no_recurring_evidence,""
broad,1fbe2822-d02a-4023-a99a-caf076e7a12f,a2ee4adf-e2bf-43c1-9bac-03fef6bbd4fb,c98896b4-d2ee-44b8-a6bb-394fe8aef825,ORD-26-MKH4LYKY,37e91f59-e4db-4840-b9c9-e760e634ddd1,5ec52e5f-424c-4486-82e6-301c3d4af9c8,11c9f1b8-0355-4753-bd74-40b42aa53616,31f75673-a7ae-420a-b5ab-5906e34cbf84,1.00,BYN,2026-01-16 17:06:53+00,2026-01,2026-01,NONE,,a0000001-0000-0000-0000-000000000001,b0000001-0001-0000-0000-000000000004,,REBILL-1fbe2822-d02,clean,none,candidate,sbs_unresolved|no_recurring_evidence,""
broad,873a36d2-4c8d-4c7f-a0ac-69595d227ac4,02025228-c789-44f9-8ba0-7562790de69e,775c8a97-5e44-4dba-a36f-a9f01f551251,PAY-26-MKI31D85,ba7dc65f-857c-4e76-b1c2-09998c6cc5cb,ba7dc65f-857c-4e76-b1c2-09998c6cc5cb,11c9f1b8-0355-4753-bd74-40b42aa53616,b276d8a5-8e5f-4876-9f99-36f818722d6c,150.00,BYN,2026-01-17 09:08:17+00,2026-01,2026-01,NONE,,a0000001-0000-0000-0000-000000000001,b0000001-0001-0000-0000-000000000004,,REBILL-873a36d2-4c8,clean,none,candidate,sbs_unresolved|no_recurring_evidence,""
broad,4db3d748-7ab3-4097-88aa-1586aec918b4,6e05fb75-ea7d-4fcd-80e9-33ca6782fe94,f87bce7c-ff7d-4890-8535-cd10fae08b8c,PAY-26-MMUQGCEC,c3f35d53-0386-461c-ac8e-5ef40f84630f,8c3a58f4-27db-41ae-91f0-97a557b16259,de36a695-6b66-4547-bdb8-e64aa85eeabc,0fb3db55-b6ba-44bf-8a0b-37bb040ab01a,350.00,BYN,2026-01-17 15:13:35+00,2026-01,2026-03,NONE,,a0000001-0000-0000-0000-000000000008,b0000001-0008-0000-0000-000000000003,,REBILL-4db3d748-7ab,clean,none,candidate,sbs_unresolved|no_recurring_evidence,""
broad,f110d8c4-77bc-46c5-a87e-e2a26293f40d,17a309d0-fbe4-4291-a0c5-30ed4205759d,c4ce478d-4192-419b-8e71-29807958f544,PAY-26-MKJY063H,f62b86ba-d3b8-483e-a0d4-9b66b192c9d7,f62b86ba-d3b8-483e-a0d4-9b66b192c9d7,11c9f1b8-0355-4753-bd74-40b42aa53616,31f75673-a7ae-420a-b5ab-5906e34cbf84,100.00,BYN,2026-01-18 16:20:57+00,2026-01,2026-01,NONE,,a0000001-0000-0000-0000-000000000001,b0000001-0001-0000-0000-000000000004,,REBILL-f110d8c4-77b,clean,none,candidate,sbs_unresolved|no_recurring_evidence,""
broad,92537ee4-da18-4217-91fb-71e4f697fe9a,457aff67-c9fa-428e-a605-f9f341daaece,acb93330-c6d0-4e73-8a0a-387a7b3d7d37,PAY-26-MKJYIO2I,91159dd8-6ae8-4e87-9e20-b7b4ed1438c1,91159dd8-6ae8-4e87-9e20-b7b4ed1438c1,11c9f1b8-0355-4753-bd74-40b42aa53616,7c748940-dcad-4c7c-a92e-76a2344622d3,250.00,BYN,2026-01-18 16:40:10+00,2026-01,2026-01,NONE,,a0000001-0000-0000-0000-000000000001,b0000001-0001-0000-0000-000000000004,,REBILL-92537ee4-da1,clean,none,candidate,sbs_unresolved|no_recurring_evidence,""
broad,95fbdacd-3de7-43f4-a25e-fced2c480cff,6c5f34f9-ad15-4536-aa73-4428e1c83199,6a2b3b58-dab6-46c1-b506-3297cc22dd97,ORD-26-MKK1LPIH,430900e2-33bb-434a-9323-e453e9f2dde6,19c6b657-fdd3-4bfa-a84e-8264665e9f15,11c9f1b8-0355-4753-bd74-40b42aa53616,b276d8a5-8e5f-4876-9f99-36f818722d6c,1.00,BYN,2026-01-18 19:16:04+00,2026-01,2026-01,NONE,,a0000001-0000-0000-0000-000000000001,b0000001-0001-0000-0000-000000000004,,REBILL-95fbdacd-3de,clean,none,candidate,sbs_unresolved|no_recurring_evidence,""
broad,d26d295b-44bf-42ce-bb50-dc1ae6a14a3b,12ba0e0f-6e60-4f58-96e6-7c7fbb32b090,7beaca33-0ed6-4d9c-aa48-2ca09ee0fb3c,ORD-26-MKKOD2LP,c79ff3ea-33cd-432c-80f3-7b01968ba60c,d0d9308a-8e7e-484f-9991-774a5704a289,11c9f1b8-0355-4753-bd74-40b42aa53616,b276d8a5-8e5f-4876-9f99-36f818722d6c,150.00,BYN,2026-01-19 11:58:54+00,2026-01,2026-01,NONE,,a0000001-0000-0000-0000-000000000001,b0000001-0001-0000-0000-000000000004,,REBILL-d26d295b-44b,clean,none,candidate,sbs_unresolved|no_recurring_evidence,""
broad,20489cc0-2975-4cf1-a445-2d7cbb7a7f32,c62e62ab-830c-4dff-90f2-907dd981959d,94c38b5a-7eac-4b4e-bffd-5110914d9b71,ORD-26-MKJWYT5J,268bce70-66d5-4af6-b0a0-dbaa061a8f42,b4dcba4f-30cd-44ef-ad88-1827718fc923,11c9f1b8-0355-4753-bd74-40b42aa53616,7c748940-dcad-4c7c-a92e-76a2344622d3,1.00,BYN,2026-01-19 14:02:39+00,2026-01,2026-01,NONE,,a0000001-0000-0000-0000-000000000001,b0000001-0001-0000-0000-000000000004,,REBILL-20489cc0-297,clean,none,candidate,sbs_unresolved|no_recurring_evidence,""
broad,6bfead3b-1365-4306-9f96-abaf66a7011e,714e3732-6b63-49fd-a24a-f7873327ef77,43c34b9a-9f57-4408-bdd0-a6ba49226f95,PAY-26-MMUQOBC8,1502c12e-bb49-4362-a6bf-2e3ed6109d29,1d64b52d-bf18-481a-8c7b-608f1dd8d560,de36a695-6b66-4547-bdb8-e64aa85eeabc,0fb3db55-b6ba-44bf-8a0b-37bb040ab01a,350.00,BYN,2026-01-20 14:29:59+00,2026-01,2026-03,NONE,,a0000001-0000-0000-0000-000000000008,b0000001-0008-0000-0000-000000000003,,REBILL-6bfead3b-136,clean,none,candidate,sbs_unresolved|no_recurring_evidence,""
broad,fd7c514e-416d-4b18-80ac-5d175c8fe3c1,ca4f1262-67cc-45c2-a1fe-e8481d583b00,8a41c5dc-731b-4566-b0e4-747217fdd905,ORD-26-MKMZKIR6,648b6efd-30f8-4dd0-b041-3629b00e9669,de336e70-b337-4060-ae33-ac6aa75102ed,11c9f1b8-0355-4753-bd74-40b42aa53616,7c748940-dcad-4c7c-a92e-76a2344622d3,1.00,BYN,2026-01-20 20:48:37+00,2026-01,2026-01,NONE,,a0000001-0000-0000-0000-000000000001,b0000001-0001-0000-0000-000000000004,,REBILL-fd7c514e-416,clean,none,candidate,sbs_unresolved|no_recurring_evidence,""
broad,087b2dec-db76-48a3-9e6f-cce70618159d,848019cb-247e-4b39-ab21-dfe595c15c29,bd76d13a-6c5e-47b0-ab48-bf7a1f13415e,ORD-ADM-1768942465669,01450527-4020-4f1e-b31e-28fb9d07b27f,ef012ad5-3c49-4203-be62-a585afdbb6a8,11c9f1b8-0355-4753-bd74-40b42aa53616,31f75673-a7ae-420a-b5ab-5906e34cbf84,55.00,BYN,2026-01-20 21:00:25+00,2026-01,2026-01,NONE,,a0000001-0000-0000-0000-000000000001,b0000001-0001-0000-0000-000000000004,,REBILL-087b2dec-db7,clean,none,candidate,sbs_unresolved|no_recurring_evidence,""
broad,f49d3fb0-7190-482c-aa45-d044efbfd84a,d788b73c-defa-4473-8adf-a4dc5e5f160a,415f0a95-f55b-4cfa-ad38-f75c56f5c00c,ORD-26-MKO1N6L8,252e4b5c-8784-4876-a4ce-412444753b3a,d7d9bee0-b717-4f93-84d4-113e3365147b,11c9f1b8-0355-4753-bd74-40b42aa53616,31f75673-a7ae-420a-b5ab-5906e34cbf84,1.00,BYN,2026-01-21 13:18:33+00,2026-01,2026-01,NONE,,a0000001-0000-0000-0000-000000000001,b0000001-0001-0000-0000-000000000004,,REBILL-f49d3fb0-719,clean,none,candidate,sbs_unresolved|no_recurring_evidence,""
broad,642e5774-f372-4364-baa2-10da2aa29fe4,f58f89a4-7475-4eef-b2f9-e75119e0dab4,bbb35d2b-b556-4a7a-b4bc-2e7b7bc3559c,PAY-26-MKOC43FT,73bb5fbc-b6d5-4f0c-9394-af8409f91cdf,73bb5fbc-b6d5-4f0c-9394-af8409f91cdf,11c9f1b8-0355-4753-bd74-40b42aa53616,7c748940-dcad-4c7c-a92e-76a2344622d3,250.00,BYN,2026-01-21 18:06:58+00,2026-01,2026-01,NONE,,a0000001-0000-0000-0000-000000000001,b0000001-0001-0000-0000-000000000004,,REBILL-642e5774-f37,clean,none,candidate,sbs_unresolved|no_recurring_evidence,""
broad,c7cb72ff-e3c4-48f5-9f4c-bade37f9c95b,fb4b5c7c-3627-4cd2-9a6f-867a41220562,92b99ec9-7ce3-4bc7-8505-c20823254683,PAY-26-MKOCS25X,1d9eaa15-5f2d-4a08-9781-f70381c00fec,1d9eaa15-5f2d-4a08-9781-f70381c00fec,11c9f1b8-0355-4753-bd74-40b42aa53616,31f75673-a7ae-420a-b5ab-5906e34cbf84,77.00,BYN,2026-01-21 18:28:37+00,2026-01,2026-01,NONE,,a0000001-0000-0000-0000-000000000001,b0000001-0001-0000-0000-000000000004,,REBILL-c7cb72ff-e3c,clean,none,candidate,sbs_unresolved|no_recurring_evidence,""
broad,4b48bbb4-a5c0-4dcd-8c00-5d5e44f5b902,b2912cfd-f31c-47c4-a9bb-dff2afbc75b1,dd6c6330-68ae-4663-a2b2-20c227365f74,ORD-26-MKPD0HLK,4d54a47d-8bba-4108-bbc8-0df509ebecc6,b8ff1fee-dff5-4cb7-9996-7c5262cfd259,11c9f1b8-0355-4753-bd74-40b42aa53616,31f75673-a7ae-420a-b5ab-5906e34cbf84,1.00,BYN,2026-01-22 11:21:12+00,2026-01,2026-01,NONE,,a0000001-0000-0000-0000-000000000001,b0000001-0001-0000-0000-000000000004,,REBILL-4b48bbb4-a5c,clean,none,candidate,sbs_unresolved|no_recurring_evidence,""
broad,daa61ea7-0021-4672-9bc3-d177df0fa065,15f1ac2b-44a2-4e47-bf19-7afad2538b2b,d5aca9de-218a-416a-9c9d-b35f9dbaf899,PAY-26-MOTYSAZL,80afcb07-3d07-40b8-aff7-c17e179e39f5,0784a581-c4d6-409c-a1e6-631cd18dd3a1,73c29914-63a3-4f4f-ac42-9f5287e58696,56c35e86-bd54-4bd8-850c-88f2d8eb1f7b,345.00,BYN,2026-01-22 14:40:51+00,2026-01,2025-10,NONE,,,,,REBILL-daa61ea7-002,clean,none,candidate,sbs_unresolved|pipeline_missing|no_recurring_evidence,""
broad,25cc9fb6-1e35-4ccf-b4e7-6203c0547370,b9e28c61-4e32-4c9f-8727-fab86217de98,d4487c38-ff88-46e0-9343-56a2a2963588,ORD-ADM-1769157569288,bddef8eb-170f-44b6-94a2-8a28a7d0fe9d,e3a2744b-f5d1-4406-a416-64828a3be971,73c29914-63a3-4f4f-ac42-9f5287e58696,56c35e86-bd54-4bd8-850c-88f2d8eb1f7b,1.00,BYN,2026-01-23 08:40:26+00,2026-01,2026-01,NONE,,a0000001-0000-0000-0000-000000000003,b0000001-0003-0000-0000-000000000004,,REBILL-25cc9fb6-1e3,clean,none,candidate,sbs_unresolved|no_recurring_evidence,""
broad,d984dc99-8dbe-4a62-b613-bde0227f7285,e9009623-cbc8-40a8-9cb7-e44ed82c75bc,bb01036c-fd6d-4dfc-9642-605a28d369d1,REN-MKW6TXWY,01450527-4020-4f1e-b31e-28fb9d07b27f,ef012ad5-3c49-4203-be62-a585afdbb6a8,11c9f1b8-0355-4753-bd74-40b42aa53616,31f75673-a7ae-420a-b5ab-5906e34cbf84,45.00,BYN,2026-01-27 17:49:22+00,2026-01,2026-01,NONE,,a0000001-0000-0000-0000-000000000001,b0000001-0001-0000-0000-000000000004,,REBILL-d984dc99-8db,clean,none,candidate,sbs_unresolved|no_recurring_evidence,""
broad,019dd3e0-3fbc-4d7a-a69a-46860455f5a5,0a4750ad-c088-4fd0-bee0-6eca6fb92911,df2d8eda-0769-45e7-9a75-9b1f8dfe5808,PAY-26-MMUQDEPD,bd3463a1-3b6f-4f3c-b5b8-bbd74e69482c,50e7ce85-0953-4ce3-8ea7-fb58e041a2ac,de36a695-6b66-4547-bdb8-e64aa85eeabc,0fb3db55-b6ba-44bf-8a0b-37bb040ab01a,350.00,BYN,2026-01-30 10:37:18+00,2026-01,2026-03,NONE,,a0000001-0000-0000-0000-000000000008,b0000001-0008-0000-0000-000000000003,,REBILL-019dd3e0-3fb,clean,none,candidate,sbs_unresolved|no_recurring_evidence,""
broad,297d945b-b31b-418a-a53f-20febcdd0433,d3347f09-bf2d-4d5e-91a7-c3f5414d6f66,40d93a7c-f1b3-4b8e-a710-313965bc1397,ORD-26-ML0SJOJ9,587a0856-d13c-4a89-8947-76a356227580,59b6d4df-5e02-4c97-b9c4-ea5fcb753d7d,11c9f1b8-0355-4753-bd74-40b42aa53616,7c748940-dcad-4c7c-a92e-76a2344622d3,1.00,BYN,2026-01-30 13:25:28+00,2026-01,2026-01,NONE,,a0000001-0000-0000-0000-000000000001,b0000001-0001-0000-0000-000000000004,,REBILL-297d945b-b31,clean,none,candidate,sbs_unresolved|no_recurring_evidence,""
broad,096d0b1e-f9d5-4148-a9fb-c2cb65d4881f,53316ae4-fe92-4b0a-ba20-aef7e1dff23f,ea8b095e-7fbd-4338-ad45-fc1698a40f6a,ORD-26-ML6P3MP0,f0f0d5e1-2ddd-438e-9fae-4d15f912c2a2,c3e80c6f-322e-426d-9a37-296cf30287bc,11c9f1b8-0355-4753-bd74-40b42aa53616,7c748940-dcad-4c7c-a92e-76a2344622d3,1.00,BYN,2026-02-03 15:03:39+00,2026-02,2026-02,NONE,,a0000001-0000-0000-0000-000000000001,b0000001-0001-0000-0000-000000000004,,REBILL-096d0b1e-f9d,clean,none,candidate,sbs_unresolved|no_recurring_evidence,""
broad,87a7a164-b07f-4e4e-b574-6ede20731353,ca8f4406-b954-4af7-a2a8-0c1dba69c1ef,0a21ce76-1257-4101-b479-fc6e65a922d8,ORD-26-MKWIN50J,4d54a47d-8bba-4108-bbc8-0df509ebecc6,b8ff1fee-dff5-4cb7-9996-7c5262cfd259,11c9f1b8-0355-4753-bd74-40b42aa53616,31f75673-a7ae-420a-b5ab-5906e34cbf84,100.00,BYN,2026-02-16 12:07:48+00,2026-02,2026-01,NONE,,a0000001-0000-0000-0000-000000000001,b0000001-0001-0000-0000-000000000004,,REBILL-87a7a164-b07,clean,none,candidate,sbs_unresolved|no_recurring_evidence,""
broad,745d9090-b385-415e-957d-50d96f912b84,0726b066-8083-4456-8ffa-0eb416369002,9307e984-940a-4d24-9b6d-071c28a98b64,REN-MLRMIHHE,7764bce4-627f-4846-b366-0066ef8c4d6f,cd4e52b0-bfb4-4e0b-a8f6-2b7f9abf4b07,11c9f1b8-0355-4753-bd74-40b42aa53616,31f75673-a7ae-420a-b5ab-5906e34cbf84,100.00,BYN,2026-02-18 17:10:53+00,2026-02,2026-02,NONE,,a0000001-0000-0000-0000-000000000001,b0000001-0001-0000-0000-000000000004,,REBILL-745d9090-b38,clean,none,candidate,sbs_unresolved|no_recurring_evidence,""
broad,6357d588-0c6b-41cc-9f2e-7ae62d4c543a,d448a14d-3260-439a-9547-4841a3fe186f,22d5bd3a-0e8a-4a88-a25f-c88efaba011b,REN-MLXCABX5,9a970da3-0b7b-4d6a-bd83-a5ae71176d20,7a6250fd-68d2-4278-b52f-96f1eed95b2b,11c9f1b8-0355-4753-bd74-40b42aa53616,31f75673-a7ae-420a-b5ab-5906e34cbf84,100.00,BYN,2026-02-22 09:17:07+00,2026-02,2026-02,NONE,,a0000001-0000-0000-0000-000000000001,b0000001-0001-0000-0000-000000000004,,REBILL-6357d588-0c6,clean,none,candidate,sbs_unresolved|no_recurring_evidence,""
broad,53ee3e84-4b5e-4804-aea5-f7c40d1ce7a7,0c4ce960-0ed0-4556-9c75-d8b367b76edc,f63c1942-5bfa-4458-af25-e0ff574ad607,PAY-26-MLXKB9BX,1a49b871-ab50-4147-ba39-64d8371c0bcc,1b4ed880-31f3-4020-a737-cc111b6ff405,11c9f1b8-0355-4753-bd74-40b42aa53616,b276d8a5-8e5f-4876-9f99-36f818722d6c,150.00,BYN,2026-02-22 09:54:14+00,2026-02,2026-02,NONE,,a0000001-0000-0000-0000-000000000001,b0000001-0001-0000-0000-000000000004,,REBILL-53ee3e84-4b5,clean,none,candidate,sbs_unresolved|no_recurring_evidence,""
broad,dab644a5-ab9a-4e37-8fac-7699c32ea2a9,05d6540c-f56a-43db-a202-8e3c4fe0aec2,c9f08353-0359-45ba-b7ad-815218aff51d,SUB-26-MMDQEZ64S8VK,341e6f46-79dd-4920-b500-da78e3574aab,4e8834a5-0f6a-44d6-b05a-8d7ec3b4d6e9,85046734-2282-4ded-b0d3-8c66c8f5bc2b,c5981337-242b-49e8-8c99-64ccf8fac13e,250.00,BYN,2026-03-06 08:19:37+00,2026-03,2026-03,NONE,,a0000001-0000-0000-0000-000000000005,b0000001-0005-0000-0000-000000000004,88c6f10d-a0c6-47f3-9d90-980b3a86fe1c,REBILL-dab644a5-ab9,clean,none,candidate,sbs_unresolved|no_recurring_evidence,""
broad,a3777a88-11ed-4920-b9f4-1f15f6bab83f,631fa7d6-60af-4695-8f47-3a1baa20c716,eb8c00dc-e326-4e6b-aef0-661cb4c626a9,SUB-LINK-MMD6VVW3,b49a7004-e42b-4238-9620-99285802d78f,31313cf2-62fe-4f74-980e-5390c9a8c827,85046734-2282-4ded-b0d3-8c66c8f5bc2b,c5981337-242b-49e8-8c99-64ccf8fac13e,250.00,BYN,2026-03-09 21:07:12+00,2026-03,2026-03,NONE,,a0000001-0000-0000-0000-000000000005,b0000001-0005-0000-0000-000000000004,,REBILL-a3777a88-11e,clean,none,candidate,sbs_unresolved|no_recurring_evidence,""
broad,ab0ffa83-ebf6-416b-a835-2dd0fa3d6a9a,fcda768e-ece6-4134-b3f5-3734d40985ae,a27a8b74-89cf-44c6-b7df-9cf4aeb1384b,SUB-LINK-MLP7MKV3,83bc38bc-2498-4760-b6fd-f0494055106c,2a4b26b1-07af-48a1-beb5-5055f8183080,11c9f1b8-0355-4753-bd74-40b42aa53616,7c748940-dcad-4c7c-a92e-76a2344622d3,250.00,BYN,2026-03-18 13:46:03+00,2026-03,2026-02,NONE,,a0000001-0000-0000-0000-000000000001,b0000001-0001-0000-0000-000000000003,,REBILL-ab0ffa83-ebf,clean,none,candidate,sbs_unresolved|no_recurring_evidence,""
broad,b0076765-6688-468e-9f75-4c12cd611d5a,e8c9b06c-6ecd-4451-ae4c-b5072da9d8ee,f259344a-13e8-4047-9318-b2d5a61a0d2a,SUB-LINK-MLPDI3R5,a1830fb9-f92d-4f90-91e4-98a516093eb6,a1c408a7-2e1c-4b6b-bd18-2d8e9d91acd0,11c9f1b8-0355-4753-bd74-40b42aa53616,7c748940-dcad-4c7c-a92e-76a2344622d3,250.00,BYN,2026-03-18 18:30:41+00,2026-03,2026-02,NONE,,a0000001-0000-0000-0000-000000000001,b0000001-0001-0000-0000-000000000003,,REBILL-b0076765-668,clean,none,candidate,sbs_unresolved|no_recurring_evidence,""
broad,5c6dffde-e5ca-448c-a6c4-e8a5a0554d8c,d271c375-5c68-4248-9d20-3de90938226f,f259344a-13e8-4047-9318-b2d5a61a0d2a,SUB-LINK-MLPDI3R5,a1830fb9-f92d-4f90-91e4-98a516093eb6,a1c408a7-2e1c-4b6b-bd18-2d8e9d91acd0,11c9f1b8-0355-4753-bd74-40b42aa53616,7c748940-dcad-4c7c-a92e-76a2344622d3,250.00,BYN,2026-03-19 03:00:36+00,2026-03,2026-02,NONE,,a0000001-0000-0000-0000-000000000001,b0000001-0001-0000-0000-000000000003,,REBILL-5c6dffde-e5c,clean,none,candidate,sbs_unresolved|no_recurring_evidence,""
broad,53ee571d-422c-433d-a775-2da99a232c3d,1567eede-3d0b-460a-ac8f-8577c885a893,79bcb177-e562-4e7e-8bfc-84468ffab041,SUB-LINK-MLQDUC86,13c5a43d-a933-4155-88d6-97a9cf109319,80ccb83e-5313-4d96-a937-5ee715356dab,11c9f1b8-0355-4753-bd74-40b42aa53616,7c748940-dcad-4c7c-a92e-76a2344622d3,250.00,BYN,2026-03-19 09:45:47+00,2026-03,2026-02,NONE,,a0000001-0000-0000-0000-000000000001,b0000001-0001-0000-0000-000000000003,,REBILL-53ee571d-422,clean,none,candidate,sbs_unresolved|no_recurring_evidence,""
broad,042fb035-68be-41b1-89a3-b3ebd95d8aee,bad87284-3041-4a84-92b5-102bc76e6d83,f259344a-13e8-4047-9318-b2d5a61a0d2a,SUB-LINK-MLPDI3R5,a1830fb9-f92d-4f90-91e4-98a516093eb6,a1c408a7-2e1c-4b6b-bd18-2d8e9d91acd0,11c9f1b8-0355-4753-bd74-40b42aa53616,7c748940-dcad-4c7c-a92e-76a2344622d3,250.00,BYN,2026-03-20 03:00:33+00,2026-03,2026-02,NONE,,a0000001-0000-0000-0000-000000000001,b0000001-0001-0000-0000-000000000003,,REBILL-042fb035-68b,clean,none,candidate,sbs_unresolved|no_recurring_evidence,""
broad,56578336-871e-4566-9655-1e629dc051b9,fe423aa4-176b-414d-a1df-db3d76415f46,79bcb177-e562-4e7e-8bfc-84468ffab041,SUB-LINK-MLQDUC86,13c5a43d-a933-4155-88d6-97a9cf109319,80ccb83e-5313-4d96-a937-5ee715356dab,11c9f1b8-0355-4753-bd74-40b42aa53616,7c748940-dcad-4c7c-a92e-76a2344622d3,250.00,BYN,2026-03-20 03:00:40+00,2026-03,2026-02,NONE,,a0000001-0000-0000-0000-000000000001,b0000001-0001-0000-0000-000000000003,,REBILL-56578336-871,clean,none,candidate,sbs_unresolved|no_recurring_evidence,""
broad,7aa765a3-131a-4ef8-ac88-91f1ca8c22a1,9b879266-4141-4d60-b8d9-b7697288510b,79bcb177-e562-4e7e-8bfc-84468ffab041,SUB-LINK-MLQDUC86,13c5a43d-a933-4155-88d6-97a9cf109319,80ccb83e-5313-4d96-a937-5ee715356dab,11c9f1b8-0355-4753-bd74-40b42aa53616,7c748940-dcad-4c7c-a92e-76a2344622d3,250.00,BYN,2026-03-21 03:00:57+00,2026-03,2026-02,NONE,,a0000001-0000-0000-0000-000000000001,b0000001-0001-0000-0000-000000000003,,REBILL-7aa765a3-131,clean,none,candidate,sbs_unresolved|no_recurring_evidence,""
broad,66871b07-5d99-4146-99bf-ba24770b30b9,bb2cef4a-fded-474b-a6d6-45aefbeea6e3,a32338b0-8180-4d12-ad89-5771a6fcfa59,SUB-26-MLQHNWJMW2CN,8b5bc345-96d6-4991-a83b-a26f4601a156,a85cae63-e7a5-4ca2-8d41-f328f66d7ec7,11c9f1b8-0355-4753-bd74-40b42aa53616,7c748940-dcad-4c7c-a92e-76a2344622d3,250.00,BYN,2026-03-21 03:01:01+00,2026-03,2026-02,NONE,,a0000001-0000-0000-0000-000000000001,b0000001-0001-0000-0000-000000000003,bc0f7a90-df41-4a86-b2ea-2a1234d0d534,REBILL-66871b07-5d9,clean,none,candidate,sbs_unresolved|no_recurring_evidence,""
broad,54972e1f-99f5-4a62-a2dc-1baf0b64c0f6,f90cafd3-0f98-4138-9e0c-9eda2471d8c8,1b101d7f-1472-4a68-bfa6-c0145f7e632b,SUB-LINK-MLTU1NY4,,,11c9f1b8-0355-4753-bd74-40b42aa53616,7c748940-dcad-4c7c-a92e-76a2344622d3,250.00,BYN,2026-03-21 20:45:30+00,2026-03,2026-02,NONE,,a0000001-0000-0000-0000-000000000001,b0000001-0001-0000-0000-000000000003,,REBILL-54972e1f-99f,clean,none,candidate,sbs_unresolved|no_recurring_evidence,""
broad,214bb8c9-e0e3-47ba-80de-f0216f11f211,8ed6da38-7077-474c-8dc0-dd7c26db92df,1b101d7f-1472-4a68-bfa6-c0145f7e632b,SUB-LINK-MLTU1NY4,,,11c9f1b8-0355-4753-bd74-40b42aa53616,7c748940-dcad-4c7c-a92e-76a2344622d3,250.00,BYN,2026-03-22 03:01:03+00,2026-03,2026-02,NONE,,a0000001-0000-0000-0000-000000000001,b0000001-0001-0000-0000-000000000003,,REBILL-214bb8c9-e0e,clean,none,candidate,sbs_unresolved|no_recurring_evidence,""
broad,74ef7541-7165-4c5a-973a-8b586715d2c4,ea26d72b-c396-4d0f-a36a-6e8dab149b85,1b101d7f-1472-4a68-bfa6-c0145f7e632b,SUB-LINK-MLTU1NY4,,,11c9f1b8-0355-4753-bd74-40b42aa53616,7c748940-dcad-4c7c-a92e-76a2344622d3,250.00,BYN,2026-03-23 03:00:42+00,2026-03,2026-02,NONE,,a0000001-0000-0000-0000-000000000001,b0000001-0001-0000-0000-000000000003,,REBILL-74ef7541-716,clean,none,candidate,sbs_unresolved|no_recurring_evidence,""
broad,cd40bbba-00b7-4abd-8221-d8efd3de062e,8b3d332d-d0b5-4d5d-8d92-50af491d981f,c975688c-1ca5-465d-a8a0-c894277132ec,SUB-LINK-MM0HUPY2,def0faba-02ca-4bec-b8cb-9a2b2eab74d1,d74aeb9b-b959-4c65-9393-871d79bee598,85046734-2282-4ded-b0d3-8c66c8f5bc2b,c5981337-242b-49e8-8c99-64ccf8fac13e,250.00,BYN,2026-03-26 11:15:25+00,2026-03,2026-02,NONE,,a0000001-0000-0000-0000-000000000005,b0000001-0005-0000-0000-000000000003,,REBILL-cd40bbba-00b,clean,none,candidate,sbs_unresolved|no_recurring_evidence,""
broad,b2ca22ad-1398-4754-b1b4-25a0d54964a6,a925cb46-24d3-480e-8160-6fa2e3a193a1,c975688c-1ca5-465d-a8a0-c894277132ec,SUB-LINK-MM0HUPY2,def0faba-02ca-4bec-b8cb-9a2b2eab74d1,d74aeb9b-b959-4c65-9393-871d79bee598,85046734-2282-4ded-b0d3-8c66c8f5bc2b,c5981337-242b-49e8-8c99-64ccf8fac13e,250.00,BYN,2026-03-27 03:00:08+00,2026-03,2026-02,NONE,,a0000001-0000-0000-0000-000000000005,b0000001-0005-0000-0000-000000000003,,REBILL-b2ca22ad-139,clean,none,candidate,sbs_unresolved|no_recurring_evidence,""
broad,e6809a51-45d9-4df8-b3ea-dd93dcb14417,01a53994-fe14-4abf-ad97-15a0f27f135a,c280eb88-3146-42c6-980a-13ec42b15aca,PAY-26-MMVT7SFL,642345a3-9ec0-4e21-8c6d-f78f66ee38a3,52a14a19-0807-44d9-b27d-a8fe78f98a17,de36a695-6b66-4547-bdb8-e64aa85eeabc,0fb3db55-b6ba-44bf-8a0b-37bb040ab01a,195.00,BYN,2026-03-28 06:29:41+00,2026-03,2026-03,NONE,,a0000001-0000-0000-0000-000000000008,b0000001-0008-0000-0000-000000000004,,REBILL-e6809a51-45d,clean,none,candidate,sbs_unresolved|no_recurring_evidence,""
broad,6b697f9e-4447-4fc3-9ab0-f8c24a0d730b,bcc944fb-252f-4c97-9ec5-725e8c5c52ca,41b98080-8daa-4c74-8034-1fcc95843f1f,SUB-LINK-MM4KSOV6,44985cf1-9914-4447-ada7-53f37c2456f7,eb6069f4-5c89-431a-85c8-dd7c947d263e,85046734-2282-4ded-b0d3-8c66c8f5bc2b,c5981337-242b-49e8-8c99-64ccf8fac13e,250.00,BYN,2026-03-29 07:45:16+00,2026-03,2026-02,NONE,,a0000001-0000-0000-0000-000000000005,b0000001-0005-0000-0000-000000000003,,REBILL-6b697f9e-444,clean,none,candidate,sbs_unresolved|no_recurring_evidence,""
broad,3c53665f-e377-40f4-9a5b-4901d09b5dd0,72792a5c-89f6-4fbe-92c0-f8c5dcb08380,27fa05ba-dcb7-43aa-a289-363477192a36,SUB-LINK-MM4PBW6Q,648b6efd-30f8-4dd0-b041-3629b00e9669,de336e70-b337-4060-ae33-ac6aa75102ed,85046734-2282-4ded-b0d3-8c66c8f5bc2b,c5981337-242b-49e8-8c99-64ccf8fac13e,250.00,BYN,2026-03-29 09:45:23+00,2026-03,2026-02,NONE,,a0000001-0000-0000-0000-000000000005,b0000001-0005-0000-0000-000000000003,,REBILL-3c53665f-e37,clean,none,candidate,sbs_unresolved|no_recurring_evidence,""
broad,2e9a3565-b536-450d-892b-caf49b380136,0bff276e-782c-467e-9f93-a8244a8f1f72,a8528631-f9f3-4958-b72a-98778bacd088,SUB-LINK-MM52MOGQ,13501260-add5-4970-9583-453c4ce8f0d6,0a2fd5ec-7baa-4e57-b0c4-40534b436d4f,85046734-2282-4ded-b0d3-8c66c8f5bc2b,c5981337-242b-49e8-8c99-64ccf8fac13e,250.00,BYN,2026-03-29 16:00:29+00,2026-03,2026-02,NONE,,a0000001-0000-0000-0000-000000000005,b0000001-0005-0000-0000-000000000003,,REBILL-2e9a3565-b53,clean,none,candidate,sbs_unresolved|no_recurring_evidence,""
broad,37f07170-e531-470d-b5de-30af4384f5f9,38c5c47b-72bc-4960-b6b4-ecac46f5f874,66c37118-6f5e-4905-9be2-9abb30d60c44,SUB-LINK-MM5CEISX,1658b558-edf3-46ab-89f3-0fe712bbfbe0,b48a7646-7388-40f2-9113-36654e5a7fdc,11c9f1b8-0355-4753-bd74-40b42aa53616,7c748940-dcad-4c7c-a92e-76a2344622d3,250.00,BYN,2026-03-29 20:45:17+00,2026-03,2026-02,NONE,,a0000001-0000-0000-0000-000000000001,b0000001-0001-0000-0000-000000000003,,REBILL-37f07170-e53,clean,none,candidate,sbs_unresolved|no_recurring_evidence,""
broad,ad245af9-0eb9-48ae-8742-3b8d81a67989,bdd563da-281c-4c6c-9581-35ababff980a,27fa05ba-dcb7-43aa-a289-363477192a36,SUB-LINK-MM4PBW6Q,648b6efd-30f8-4dd0-b041-3629b00e9669,de336e70-b337-4060-ae33-ac6aa75102ed,85046734-2282-4ded-b0d3-8c66c8f5bc2b,c5981337-242b-49e8-8c99-64ccf8fac13e,250.00,BYN,2026-03-30 03:01:40+00,2026-03,2026-02,NONE,,a0000001-0000-0000-0000-000000000005,b0000001-0005-0000-0000-000000000003,,REBILL-ad245af9-0eb,clean,none,candidate,sbs_unresolved|no_recurring_evidence,""
broad,1195b07e-83dc-4cfd-a90b-53e36692ed11,23c330ec-73ad-4b34-921d-f90e01254d27,41b98080-8daa-4c74-8034-1fcc95843f1f,SUB-LINK-MM4KSOV6,44985cf1-9914-4447-ada7-53f37c2456f7,eb6069f4-5c89-431a-85c8-dd7c947d263e,85046734-2282-4ded-b0d3-8c66c8f5bc2b,c5981337-242b-49e8-8c99-64ccf8fac13e,250.00,BYN,2026-03-30 03:01:42+00,2026-03,2026-02,NONE,,a0000001-0000-0000-0000-000000000005,b0000001-0005-0000-0000-000000000003,,REBILL-1195b07e-83d,clean,none,candidate,sbs_unresolved|no_recurring_evidence,""
broad,806210a6-9fdc-466d-95d7-adcece0d325e,287e01be-eca5-4f7e-9462-089e425a0791,a8528631-f9f3-4958-b72a-98778bacd088,SUB-LINK-MM52MOGQ,13501260-add5-4970-9583-453c4ce8f0d6,0a2fd5ec-7baa-4e57-b0c4-40534b436d4f,85046734-2282-4ded-b0d3-8c66c8f5bc2b,c5981337-242b-49e8-8c99-64ccf8fac13e,250.00,BYN,2026-03-30 03:01:44+00,2026-03,2026-02,NONE,,a0000001-0000-0000-0000-000000000005,b0000001-0005-0000-0000-000000000003,,REBILL-806210a6-9fd,clean,none,candidate,sbs_unresolved|no_recurring_evidence,""
broad,29758d3d-008f-4604-a985-dd5b317155d5,912e9585-dc60-47aa-ac8c-e49263294498,66c37118-6f5e-4905-9be2-9abb30d60c44,SUB-LINK-MM5CEISX,1658b558-edf3-46ab-89f3-0fe712bbfbe0,b48a7646-7388-40f2-9113-36654e5a7fdc,11c9f1b8-0355-4753-bd74-40b42aa53616,7c748940-dcad-4c7c-a92e-76a2344622d3,250.00,BYN,2026-03-30 03:01:46+00,2026-03,2026-02,NONE,,a0000001-0000-0000-0000-000000000001,b0000001-0001-0000-0000-000000000003,,REBILL-29758d3d-008,clean,none,candidate,sbs_unresolved|no_recurring_evidence,""
broad,d9c2ee98-c3ca-457b-a367-da037a16a864,4e377197-f644-49bb-8419-8eb17efe54b6,27fa05ba-dcb7-43aa-a289-363477192a36,SUB-LINK-MM4PBW6Q,648b6efd-30f8-4dd0-b041-3629b00e9669,de336e70-b337-4060-ae33-ac6aa75102ed,85046734-2282-4ded-b0d3-8c66c8f5bc2b,c5981337-242b-49e8-8c99-64ccf8fac13e,250.00,BYN,2026-03-31 03:00:31+00,2026-03,2026-02,NONE,,a0000001-0000-0000-0000-000000000005,b0000001-0005-0000-0000-000000000003,,REBILL-d9c2ee98-c3c,clean,none,candidate,sbs_unresolved|no_recurring_evidence,""
broad,0af8c0d2-a17f-4f13-b961-18499236d5f9,6acc199e-23ab-4242-90f5-3044f0b9a9ac,1e79586c-ebcf-4306-a3a4-87d8c05c3f3d,SUB-LINK-MMU8ITVQ,1b68252b-62ca-4e99-b1fd-d07706ac134d,77326882-efd6-4769-bb8b-16fb2ed85edc,11c9f1b8-0355-4753-bd74-40b42aa53616,7c748940-dcad-4c7c-a92e-76a2344622d3,250.00,BYN,2026-04-01 10:42:52+00,2026-04,2026-03,NONE,,a0000001-0000-0000-0000-000000000001,b0000001-0001-0000-0000-000000000004,,REBILL-0af8c0d2-a17,clean,none,candidate,sbs_unresolved|no_recurring_evidence,""
broad,5a638ec6-b2ff-4d82-9443-777b56575794,60f1044d-5c53-491e-aa75-93e31f42b4dc,32329918-b9b9-4207-82bc-0dff39354e4c,SUB-LINK-MM97B7H7,31f317b3-888d-4e26-9326-cf76584f81fd,790e3ffc-b339-4e69-b138-9b5be4c1003f,11c9f1b8-0355-4753-bd74-40b42aa53616,7c748940-dcad-4c7c-a92e-76a2344622d3,250.00,BYN,2026-04-01 13:30:15+00,2026-04,2026-03,NONE,,a0000001-0000-0000-0000-000000000001,b0000001-0001-0000-0000-000000000003,,REBILL-5a638ec6-b2f,clean,none,candidate,sbs_unresolved|no_recurring_evidence,""
broad,c92a7aa3-91e8-40b4-9f1e-d12ac106ba53,b80584e0-1ccc-4ea7-94b0-355617729d56,38962bd0-a26c-4d6b-9b99-1134af02e0b4,SUB-LINK-MMAOU56Y,f0f0d5e1-2ddd-438e-9fae-4d15f912c2a2,c3e80c6f-322e-426d-9a37-296cf30287bc,11c9f1b8-0355-4753-bd74-40b42aa53616,7c748940-dcad-4c7c-a92e-76a2344622d3,250.00,BYN,2026-04-02 14:15:16+00,2026-04,2026-03,NONE,,a0000001-0000-0000-0000-000000000001,b0000001-0001-0000-0000-000000000003,,REBILL-c92a7aa3-91e,clean,none,candidate,sbs_unresolved|no_recurring_evidence,""
broad,e9323929-d47a-4723-84d3-129693e733f3,d99a5e13-b662-44db-9d89-def0e8b323aa,38962bd0-a26c-4d6b-9b99-1134af02e0b4,SUB-LINK-MMAOU56Y,f0f0d5e1-2ddd-438e-9fae-4d15f912c2a2,c3e80c6f-322e-426d-9a37-296cf30287bc,11c9f1b8-0355-4753-bd74-40b42aa53616,7c748940-dcad-4c7c-a92e-76a2344622d3,250.00,BYN,2026-04-03 03:00:52+00,2026-04,2026-03,NONE,,a0000001-0000-0000-0000-000000000001,b0000001-0001-0000-0000-000000000003,,REBILL-e9323929-d47,clean,none,candidate,sbs_unresolved|no_recurring_evidence,""
broad,8a27064c-d458-4fda-a02f-dac9a694d652,71637e0c-5b55-47e5-a08a-6581474a851b,eacc2089-3dad-4705-ac2b-73da914905c3,SUB-LINK-MMBY72IJ,7d773d71-70de-44e1-899c-cbeaa8686c30,cb49e9db-46e5-4237-8c78-e07486a0ed8a,11c9f1b8-0355-4753-bd74-40b42aa53616,7c748940-dcad-4c7c-a92e-76a2344622d3,250.00,BYN,2026-04-03 11:30:53+00,2026-04,2026-03,NONE,,a0000001-0000-0000-0000-000000000001,b0000001-0001-0000-0000-000000000003,,REBILL-8a27064c-d45,clean,none,candidate,sbs_unresolved|no_recurring_evidence,""
broad,b5d73288-73d4-4b1c-961e-b4a6fd41b2f5,8e0ea0b9-8b16-47a6-9e28-acc5f642ec39,917f4923-9c79-4b99-a9d8-40982c1dc691,SUB-LINK-MMBY8ZVC,41b83bf6-4b48-414a-9889-4880df9af265,db04f9c1-c8dd-4247-960f-122349627755,11c9f1b8-0355-4753-bd74-40b42aa53616,7c748940-dcad-4c7c-a92e-76a2344622d3,250.00,BYN,2026-04-03 12:01:20+00,2026-04,2026-03,NONE,,a0000001-0000-0000-0000-000000000001,b0000001-0001-0000-0000-000000000003,,REBILL-b5d73288-73d,clean,none,candidate,sbs_unresolved|no_recurring_evidence,""
broad,998e451b-b64f-415d-8995-d1a9562d5f16,38df3069-a461-49af-ae7d-485021da685a,c03d9a55-f288-499a-a52a-8bc5b34c1c9c,SUB-LINK-MMBY9HMZ,41b83bf6-4b48-414a-9889-4880df9af265,db04f9c1-c8dd-4247-960f-122349627755,85046734-2282-4ded-b0d3-8c66c8f5bc2b,c5981337-242b-49e8-8c99-64ccf8fac13e,250.00,BYN,2026-04-03 12:01:22+00,2026-04,2026-03,NONE,,a0000001-0000-0000-0000-000000000005,b0000001-0005-0000-0000-000000000003,,REBILL-998e451b-b64,clean,none,candidate,sbs_unresolved|no_recurring_evidence,""
broad,e217b7c7-f707-4652-9bce-09a9468a4a2e,c6691748-fd76-4240-b934-1c126f4190f2,5d15df98-f8d2-438f-8eb3-63f71fdf104f,SUB-LINK-MMC87WP8,a832c11e-1715-4646-bfcb-859fff931a0e,dc4b558c-6015-4468-bf2e-50cb87c196f6,11c9f1b8-0355-4753-bd74-40b42aa53616,7c748940-dcad-4c7c-a92e-76a2344622d3,250.00,BYN,2026-04-03 16:15:36+00,2026-04,2026-03,NONE,,a0000001-0000-0000-0000-000000000001,b0000001-0001-0000-0000-000000000003,,REBILL-e217b7c7-f70,clean,none,candidate,sbs_unresolved|no_recurring_evidence,""
broad,c1642b95-be76-4037-964a-ac267e3fbe45,d40786b8-53f7-4692-92ff-65e41015f43b,eacc2089-3dad-4705-ac2b-73da914905c3,SUB-LINK-MMBY72IJ,7d773d71-70de-44e1-899c-cbeaa8686c30,cb49e9db-46e5-4237-8c78-e07486a0ed8a,11c9f1b8-0355-4753-bd74-40b42aa53616,7c748940-dcad-4c7c-a92e-76a2344622d3,250.00,BYN,2026-04-04 03:00:31+00,2026-04,2026-03,NONE,,a0000001-0000-0000-0000-000000000001,b0000001-0001-0000-0000-000000000003,,REBILL-c1642b95-be7,clean,none,candidate,sbs_unresolved|no_recurring_evidence,""
broad,787c9919-7e6d-4576-a994-713a5b60a001,5684e36f-4122-49f9-aeae-8ed20b692b26,5d15df98-f8d2-438f-8eb3-63f71fdf104f,SUB-LINK-MMC87WP8,a832c11e-1715-4646-bfcb-859fff931a0e,dc4b558c-6015-4468-bf2e-50cb87c196f6,11c9f1b8-0355-4753-bd74-40b42aa53616,7c748940-dcad-4c7c-a92e-76a2344622d3,250.00,BYN,2026-04-04 03:00:36+00,2026-04,2026-03,NONE,,a0000001-0000-0000-0000-000000000001,b0000001-0001-0000-0000-000000000003,,REBILL-787c9919-7e6,clean,none,candidate,sbs_unresolved|no_recurring_evidence,""
broad,943a175c-9077-495b-bd5c-6ac5d992a953,ca098aab-618b-4c62-a1bc-dc1a8d6bb319,38962bd0-a26c-4d6b-9b99-1134af02e0b4,SUB-LINK-MMAOU56Y,f0f0d5e1-2ddd-438e-9fae-4d15f912c2a2,c3e80c6f-322e-426d-9a37-296cf30287bc,11c9f1b8-0355-4753-bd74-40b42aa53616,7c748940-dcad-4c7c-a92e-76a2344622d3,250.00,BYN,2026-04-04 03:00:55+00,2026-04,2026-03,NONE,,a0000001-0000-0000-0000-000000000001,b0000001-0001-0000-0000-000000000003,,REBILL-943a175c-907,clean,none,candidate,sbs_unresolved|no_recurring_evidence,""
broad,4cebeda4-f2e4-46c9-aff0-595f4ba4310c,dbd02cd6-354f-4683-a3ab-8451116c0211,917f4923-9c79-4b99-a9d8-40982c1dc691,SUB-LINK-MMBY8ZVC,41b83bf6-4b48-414a-9889-4880df9af265,db04f9c1-c8dd-4247-960f-122349627755,11c9f1b8-0355-4753-bd74-40b42aa53616,7c748940-dcad-4c7c-a92e-76a2344622d3,250.00,BYN,2026-04-04 03:01:22+00,2026-04,2026-03,NONE,,a0000001-0000-0000-0000-000000000001,b0000001-0001-0000-0000-000000000003,,REBILL-4cebeda4-f2e,clean,none,candidate,sbs_unresolved|no_recurring_evidence,""
broad,29b87963-ddda-4167-abae-00aebade9655,f6f8d94b-ea90-4bcd-bb9e-477b3cd8127a,c03d9a55-f288-499a-a52a-8bc5b34c1c9c,SUB-LINK-MMBY9HMZ,41b83bf6-4b48-414a-9889-4880df9af265,db04f9c1-c8dd-4247-960f-122349627755,85046734-2282-4ded-b0d3-8c66c8f5bc2b,c5981337-242b-49e8-8c99-64ccf8fac13e,250.00,BYN,2026-04-04 03:01:24+00,2026-04,2026-03,NONE,,a0000001-0000-0000-0000-000000000005,b0000001-0005-0000-0000-000000000003,,REBILL-29b87963-ddd,clean,none,candidate,sbs_unresolved|no_recurring_evidence,""
broad,9b46871f-7753-4fd3-a6e2-5df660d861e9,a7383b81-266c-48f4-98a9-8bc02b9ef4dc,eacc2089-3dad-4705-ac2b-73da914905c3,SUB-LINK-MMBY72IJ,7d773d71-70de-44e1-899c-cbeaa8686c30,cb49e9db-46e5-4237-8c78-e07486a0ed8a,11c9f1b8-0355-4753-bd74-40b42aa53616,7c748940-dcad-4c7c-a92e-76a2344622d3,250.00,BYN,2026-04-05 03:00:14+00,2026-04,2026-03,NONE,,a0000001-0000-0000-0000-000000000001,b0000001-0001-0000-0000-000000000003,,REBILL-9b46871f-775,clean,none,candidate,sbs_unresolved|no_recurring_evidence,""
broad,eaa43b0d-5b4f-433b-8c64-1dd9ed7c1bdf,6d843bf2-cd65-46df-9b21-b3c834785ea1,5d15df98-f8d2-438f-8eb3-63f71fdf104f,SUB-LINK-MMC87WP8,a832c11e-1715-4646-bfcb-859fff931a0e,dc4b558c-6015-4468-bf2e-50cb87c196f6,11c9f1b8-0355-4753-bd74-40b42aa53616,7c748940-dcad-4c7c-a92e-76a2344622d3,250.00,BYN,2026-04-05 03:00:18+00,2026-04,2026-03,NONE,,a0000001-0000-0000-0000-000000000001,b0000001-0001-0000-0000-000000000003,,REBILL-eaa43b0d-5b4,clean,none,candidate,sbs_unresolved|no_recurring_evidence,""
broad,acbb09eb-6e61-4dc6-80e6-77088bc9f711,cc628fcf-4d17-4427-adda-bfdf0c8ab5d7,6e08d10f-74b9-4c4e-9d33-b512f1572fd4,SUB-LINK-MMEM37EQ,871ac688-88c8-4739-b2eb-51779bd69fed,640c34a1-3e9d-46c2-96fe-29b44054f918,85046734-2282-4ded-b0d3-8c66c8f5bc2b,c5981337-242b-49e8-8c99-64ccf8fac13e,250.00,BYN,2026-04-05 08:15:41+00,2026-04,2026-03,NONE,,a0000001-0000-0000-0000-000000000005,b0000001-0005-0000-0000-000000000003,88c6f10d-a0c6-47f3-9d90-980b3a86fe1c,REBILL-acbb09eb-6e6,clean,none,candidate,sbs_unresolved|no_recurring_evidence,""
broad,797bd339-83ee-4088-9c11-210249bf0b8b,d15e1f6e-d11b-4fde-b6a5-459028e35ea6,ce20c4ad-a5bc-4b73-a980-e8d5ef165df4,SUB-LINK-MMEHKWS6,692f22b7-e702-4e0c-953f-c932d9a7da3f,a13d99e5-324c-4ad5-82ce-877112908508,11c9f1b8-0355-4753-bd74-40b42aa53616,7c748940-dcad-4c7c-a92e-76a2344622d3,250.00,BYN,2026-04-05 08:45:27+00,2026-04,2026-03,NONE,,a0000001-0000-0000-0000-000000000001,b0000001-0001-0000-0000-000000000003,,REBILL-797bd339-83e,clean,none,candidate,sbs_unresolved|no_recurring_evidence,""
broad,9676d194-db47-4372-98aa-2d9e8b5a618c,8643a1a1-4936-4331-adc0-e1acbae6821d,b0b9e34a-d59c-45dd-bbd7-28102f6f742e,SUB-LINK-MMEHK9C6,bb724225-9c79-4e87-a305-3d015bf3bbf8,4fd444d4-670a-4bb0-8823-816e981dc465,11c9f1b8-0355-4753-bd74-40b42aa53616,7c748940-dcad-4c7c-a92e-76a2344622d3,250.00,BYN,2026-04-06 02:45:25+00,2026-04,2026-03,NONE,,a0000001-0000-0000-0000-000000000001,b0000001-0001-0000-0000-000000000003,,REBILL-9676d194-db4,clean,none,candidate,sbs_unresolved|no_recurring_evidence,""
broad,aa04422a-7fac-4565-a463-000de79ca8f1,0c962050-f855-4b86-9ecc-b47c9a04a8d3,ce20c4ad-a5bc-4b73-a980-e8d5ef165df4,SUB-LINK-MMEHKWS6,692f22b7-e702-4e0c-953f-c932d9a7da3f,a13d99e5-324c-4ad5-82ce-877112908508,11c9f1b8-0355-4753-bd74-40b42aa53616,7c748940-dcad-4c7c-a92e-76a2344622d3,250.00,BYN,2026-04-06 03:01:34+00,2026-04,2026-03,NONE,,a0000001-0000-0000-0000-000000000001,b0000001-0001-0000-0000-000000000003,,REBILL-aa04422a-7fa,clean,none,candidate,sbs_unresolved|no_recurring_evidence,""
broad,3a7c173c-b188-4798-94fc-8399bc1f2bb8,74db9588-2806-417d-bea2-6124d228f971,ce20c4ad-a5bc-4b73-a980-e8d5ef165df4,SUB-LINK-MMEHKWS6,692f22b7-e702-4e0c-953f-c932d9a7da3f,a13d99e5-324c-4ad5-82ce-877112908508,11c9f1b8-0355-4753-bd74-40b42aa53616,7c748940-dcad-4c7c-a92e-76a2344622d3,250.00,BYN,2026-04-07 03:01:07+00,2026-04,2026-03,NONE,,a0000001-0000-0000-0000-000000000001,b0000001-0001-0000-0000-000000000003,,REBILL-3a7c173c-b18,clean,none,candidate,sbs_unresolved|no_recurring_evidence,""
broad,221ae398-818d-45c5-b7cb-f5354b6b863d,8109c464-82e6-4167-a154-5eca373eb69f,b0b9e34a-d59c-45dd-bbd7-28102f6f742e,SUB-LINK-MMEHK9C6,bb724225-9c79-4e87-a305-3d015bf3bbf8,4fd444d4-670a-4bb0-8823-816e981dc465,11c9f1b8-0355-4753-bd74-40b42aa53616,7c748940-dcad-4c7c-a92e-76a2344622d3,250.00,BYN,2026-04-07 03:01:41+00,2026-04,2026-03,NONE,,a0000001-0000-0000-0000-000000000001,b0000001-0001-0000-0000-000000000003,,REBILL-221ae398-818,clean,none,candidate,sbs_unresolved|no_recurring_evidence,""
broad,fbb0afd6-6ec6-4276-88a4-c9d3dac9721c,3c900ac9-5717-4a54-87b0-0e0a4eb77e71,2e3fed54-1c30-4890-a0dd-b74f391458f8,SUB-LINK-MMHN4IJQ,bc65c4c8-7f08-4f3c-8ffd-e434e1d49dcf,256d6b95-eb3b-4f86-8ffa-18a16c65f527,11c9f1b8-0355-4753-bd74-40b42aa53616,7c748940-dcad-4c7c-a92e-76a2344622d3,250.00,BYN,2026-04-07 11:15:39+00,2026-04,2026-03,NONE,,a0000001-0000-0000-0000-000000000001,b0000001-0001-0000-0000-000000000003,,REBILL-fbb0afd6-6ec,clean,none,candidate,sbs_unresolved|no_recurring_evidence,""
broad,a86c1dc3-aa0c-4172-af8e-a2d81e4e8255,e0fee024-8b84-49f4-8628-613e7d2d1b13,2e3fed54-1c30-4890-a0dd-b74f391458f8,SUB-LINK-MMHN4IJQ,bc65c4c8-7f08-4f3c-8ffd-e434e1d49dcf,256d6b95-eb3b-4f86-8ffa-18a16c65f527,11c9f1b8-0355-4753-bd74-40b42aa53616,7c748940-dcad-4c7c-a92e-76a2344622d3,250.00,BYN,2026-04-08 03:01:33+00,2026-04,2026-03,NONE,,a0000001-0000-0000-0000-000000000001,b0000001-0001-0000-0000-000000000003,,REBILL-a86c1dc3-aa0,clean,none,candidate,sbs_unresolved|no_recurring_evidence,""
broad,177207f5-89f2-4e2b-940f-a82bda6d18a0,5be464af-23c7-4247-9e1a-552401f8e57a,6611441c-0bcf-45e7-85e6-46d11d6d5db3,SUB-LINK-MMIZ52FC,6b0e0451-c01b-4cd9-8fc4-dd7e83fd5c65,82ffd5ca-70fb-4551-bc9f-eb0f235773ca,11c9f1b8-0355-4753-bd74-40b42aa53616,7c748940-dcad-4c7c-a92e-76a2344622d3,250.00,BYN,2026-04-08 09:30:49+00,2026-04,2026-03,NONE,,a0000001-0000-0000-0000-000000000001,b0000001-0001-0000-0000-000000000004,,REBILL-177207f5-89f,clean,none,candidate,sbs_unresolved|no_recurring_evidence,""
broad,f07afb27-65f3-40a2-8305-326025ee43c4,a26b8aad-ae4d-43c0-96be-dbf33c335ca0,0a726d24-1c8c-4ed0-b473-a3b0c86e3db4,SUB-26-MNN4N4UBBB43,bb724225-9c79-4e87-a305-3d015bf3bbf8,4fd444d4-670a-4bb0-8823-816e981dc465,11c9f1b8-0355-4753-bd74-40b42aa53616,7c748940-dcad-4c7c-a92e-76a2344622d3,250.00,BYN,2026-04-08 18:31:04+00,2026-04,2026-04,NONE,,a0000001-0000-0000-0000-000000000001,b0000001-0001-0000-0000-000000000004,bc0f7a90-df41-4a86-b2ea-2a1234d0d534,REBILL-f07afb27-65f,clean,none,candidate,sbs_unresolved|no_recurring_evidence,""
broad,3cc2cfe7-9d2b-4ce9-a61b-85258bfc79e8,aa9d6224-257a-41ab-a7c8-26d79aaa14d0,6611441c-0bcf-45e7-85e6-46d11d6d5db3,SUB-LINK-MMIZ52FC,6b0e0451-c01b-4cd9-8fc4-dd7e83fd5c65,82ffd5ca-70fb-4551-bc9f-eb0f235773ca,11c9f1b8-0355-4753-bd74-40b42aa53616,7c748940-dcad-4c7c-a92e-76a2344622d3,250.00,BYN,2026-04-09 03:00:41+00,2026-04,2026-03,NONE,,a0000001-0000-0000-0000-000000000001,b0000001-0001-0000-0000-000000000004,,REBILL-3cc2cfe7-9d2,clean,none,candidate,sbs_unresolved|no_recurring_evidence,""
broad,3ec77038-0aa7-4d09-aeae-3e97cd9cce8c,c693f912-73d4-4b53-a664-b94ce699484c,2e3fed54-1c30-4890-a0dd-b74f391458f8,SUB-LINK-MMHN4IJQ,bc65c4c8-7f08-4f3c-8ffd-e434e1d49dcf,256d6b95-eb3b-4f86-8ffa-18a16c65f527,11c9f1b8-0355-4753-bd74-40b42aa53616,7c748940-dcad-4c7c-a92e-76a2344622d3,250.00,BYN,2026-04-09 03:01:09+00,2026-04,2026-03,NONE,,a0000001-0000-0000-0000-000000000001,b0000001-0001-0000-0000-000000000003,,REBILL-3ec77038-0aa,clean,none,candidate,sbs_unresolved|no_recurring_evidence,""
broad,ffb88444-c5dc-47dd-af0d-1dfe8a5d897a,c8ade1b3-1cd5-4119-ad5a-fe232756f2da,6611441c-0bcf-45e7-85e6-46d11d6d5db3,SUB-LINK-MMIZ52FC,6b0e0451-c01b-4cd9-8fc4-dd7e83fd5c65,82ffd5ca-70fb-4551-bc9f-eb0f235773ca,11c9f1b8-0355-4753-bd74-40b42aa53616,7c748940-dcad-4c7c-a92e-76a2344622d3,250.00,BYN,2026-04-10 03:00:49+00,2026-04,2026-03,NONE,,a0000001-0000-0000-0000-000000000001,b0000001-0001-0000-0000-000000000004,,REBILL-ffb88444-c5d,clean,none,candidate,sbs_unresolved|no_recurring_evidence,""
broad,0f854c28-1847-4f04-bff9-e176e5dca0b0,22b9e753-2d28-4d4b-8b2a-6e73c9bf50c3,6611441c-0bcf-45e7-85e6-46d11d6d5db3,SUB-LINK-MMIZ52FC,6b0e0451-c01b-4cd9-8fc4-dd7e83fd5c65,82ffd5ca-70fb-4551-bc9f-eb0f235773ca,11c9f1b8-0355-4753-bd74-40b42aa53616,7c748940-dcad-4c7c-a92e-76a2344622d3,250.00,BYN,2026-04-10 12:55:29+00,2026-04,2026-03,NONE,,a0000001-0000-0000-0000-000000000001,b0000001-0001-0000-0000-000000000004,,REBILL-0f854c28-184,clean,none,candidate,sbs_unresolved|no_recurring_evidence,""
broad,8f3744ff-ba86-49c1-bad9-a63baca0c50c,4534278d-fcef-43c3-8444-9d8d99970b8e,a27a8b74-89cf-44c6-b7df-9cf4aeb1384b,SUB-LINK-MLP7MKV3,83bc38bc-2498-4760-b6fd-f0494055106c,2a4b26b1-07af-48a1-beb5-5055f8183080,11c9f1b8-0355-4753-bd74-40b42aa53616,7c748940-dcad-4c7c-a92e-76a2344622d3,250.00,BYN,2026-04-17 13:45:29+00,2026-04,2026-02,NONE,,a0000001-0000-0000-0000-000000000001,b0000001-0001-0000-0000-000000000003,,REBILL-8f3744ff-ba8,clean,none,candidate,sbs_unresolved|no_recurring_evidence,""
broad,99bda069-b3eb-48a1-b093-229b2630e4c7,251cc384-8702-451a-ba0f-0bf9b3c9bfc9,a27a8b74-89cf-44c6-b7df-9cf4aeb1384b,SUB-LINK-MLP7MKV3,83bc38bc-2498-4760-b6fd-f0494055106c,2a4b26b1-07af-48a1-beb5-5055f8183080,11c9f1b8-0355-4753-bd74-40b42aa53616,7c748940-dcad-4c7c-a92e-76a2344622d3,250.00,BYN,2026-04-18 03:00:28+00,2026-04,2026-02,NONE,,a0000001-0000-0000-0000-000000000001,b0000001-0001-0000-0000-000000000003,,REBILL-99bda069-b3e,clean,none,candidate,sbs_unresolved|no_recurring_evidence,""
broad,1b10f156-fe63-4419-b74a-bfe54a82ea46,f088fc56-fffa-4da8-ab11-a0069b0c097e,0ecbeebd-493f-4672-a900-403da0365caf,SUB-LINK-MMX2DDTQ,09327235-1ac5-4c20-ba0c-c7738e02f51c,0739d901-db1d-4d40-8d88-5f829e3594dc,11c9f1b8-0355-4753-bd74-40b42aa53616,7c748940-dcad-4c7c-a92e-76a2344622d3,250.00,BYN,2026-04-18 07:15:10+00,2026-04,2026-03,NONE,,a0000001-0000-0000-0000-000000000001,b0000001-0001-0000-0000-000000000003,,REBILL-1b10f156-fe6,clean,none,candidate,sbs_unresolved|no_recurring_evidence,""
broad,8810a989-451c-4b4a-b1f9-28441ec88afa,b496d266-de0b-46a7-9d48-97da824a38ec,34a1f961-0aec-4e83-9dc1-40c29ab43e65,SUB-LINK-MMXD7V3K,3c6d812a-fc6e-48a5-b6e7-957ba9c05dac,6e88a848-a346-4fe6-b59f-c8f2047e22ed,11c9f1b8-0355-4753-bd74-40b42aa53616,7c748940-dcad-4c7c-a92e-76a2344622d3,250.00,BYN,2026-04-18 11:15:34+00,2026-04,2026-03,NONE,,a0000001-0000-0000-0000-000000000001,b0000001-0001-0000-0000-000000000003,,REBILL-8810a989-451,clean,none,candidate,sbs_unresolved|no_recurring_evidence,""
broad,7e3dcdd4-b411-4ed7-9041-71e6f63ecd81,5875d873-e5db-4d91-97cc-aea152b4150c,018cda34-1aa6-460a-beb7-4d30d18d895f,SUB-LINK-MLSDU6UB,09f6350e-12da-4478-96d2-d67e247296f3,1ba60516-9003-44dd-a5b5-aa28bc7ba633,11c9f1b8-0355-4753-bd74-40b42aa53616,b276d8a5-8e5f-4876-9f99-36f818722d6c,150.00,BYN,2026-04-20 17:01:20+00,2026-04,2026-02,NONE,,a0000001-0000-0000-0000-000000000001,b0000001-0001-0000-0000-000000000003,,REBILL-7e3dcdd4-b41,clean,none,candidate,sbs_unresolved|no_recurring_evidence,""
broad,bc555c8f-4737-487f-b365-909558aefb1e,bceadfed-5151-48f7-b4c2-ca36020b3194,018cda34-1aa6-460a-beb7-4d30d18d895f,SUB-LINK-MLSDU6UB,09f6350e-12da-4478-96d2-d67e247296f3,1ba60516-9003-44dd-a5b5-aa28bc7ba633,11c9f1b8-0355-4753-bd74-40b42aa53616,b276d8a5-8e5f-4876-9f99-36f818722d6c,150.00,BYN,2026-04-21 03:01:19+00,2026-04,2026-02,NONE,,a0000001-0000-0000-0000-000000000001,b0000001-0001-0000-0000-000000000003,,REBILL-bc555c8f-473,clean,none,candidate,sbs_unresolved|no_recurring_evidence,""
broad,15668eb9-db50-4d1e-9c9e-2eace7d3356a,f8202073-131f-4f24-be87-592feebd44f9,75ccc7c0-2c5e-42da-a358-a645fb4cd85e,SUB-LINK-MN480X9F,90e24065-9b29-471e-afba-5867683a81e0,3f15177f-6a25-4e34-98e4-6781528b2ffb,11c9f1b8-0355-4753-bd74-40b42aa53616,7c748940-dcad-4c7c-a92e-76a2344622d3,250.00,BYN,2026-04-23 06:30:30+00,2026-04,2026-03,NONE,,a0000001-0000-0000-0000-000000000001,b0000001-0001-0000-0000-000000000003,,REBILL-15668eb9-db5,clean,none,candidate,sbs_unresolved|no_recurring_evidence,""
broad,f0c71c04-74fa-43f4-b834-17de90c529ae,b7e640fc-9559-4ec3-857c-7f2f4efaeb69,987c46d1-6559-409b-b109-1bb43d273c79,SUB-26-MO6SXXS90J0L,89a35c48-6ed9-4ccf-8f73-4690a47d510f,9dfca810-5b86-42e3-b002-c7fb06fe8703,11c9f1b8-0355-4753-bd74-40b42aa53616,31f75673-a7ae-420a-b5ab-5906e34cbf84,100.00,BYN,2026-04-24 11:24:19+00,2026-04,2026-04,NONE,,a0000001-0000-0000-0000-000000000001,b0000001-0001-0000-0000-000000000004,6f306cbc-24e8-4589-b6f3-2dca9e4d0c8e,REBILL-f0c71c04-74f,clean,none,candidate,sbs_unresolved|no_recurring_evidence,""
broad,b5480251-49e4-458e-8527-ea04f6fb2d02,6783da79-aea5-4689-86b3-3c4aba64d49f,cea60c40-2da7-4d27-a8e4-2228d22b80ca,SUB-LINK-MN67U487,2b69ecf2-4acd-4a50-9235-fd3e25a79684,1c62185e-d1e0-4701-a5ee-04f7d80d38d3,11c9f1b8-0355-4753-bd74-40b42aa53616,7c748940-dcad-4c7c-a92e-76a2344622d3,250.00,BYN,2026-04-24 16:01:54+00,2026-04,2026-03,NONE,,a0000001-0000-0000-0000-000000000001,b0000001-0001-0000-0000-000000000003,,REBILL-b5480251-49e,clean,none,candidate,sbs_unresolved|no_recurring_evidence,""
broad,0fe61377-faec-4c41-846d-4d51feb149e5,c7b5f4ea-ef20-4b20-b3f9-cc1a6307cb64,cea60c40-2da7-4d27-a8e4-2228d22b80ca,SUB-LINK-MN67U487,2b69ecf2-4acd-4a50-9235-fd3e25a79684,1c62185e-d1e0-4701-a5ee-04f7d80d38d3,11c9f1b8-0355-4753-bd74-40b42aa53616,7c748940-dcad-4c7c-a92e-76a2344622d3,250.00,BYN,2026-04-25 03:01:17+00,2026-04,2026-03,NONE,,a0000001-0000-0000-0000-000000000001,b0000001-0001-0000-0000-000000000003,,REBILL-0fe61377-fae,clean,none,candidate,sbs_unresolved|no_recurring_evidence,""
broad,c16e42cb-30f9-4887-85a0-03ddc287994a,53b8ba57-e756-45bd-92e7-03f9e1d8d05a,92e43762-d2c7-4e91-b30a-af682b7c5af6,SUB-LINK-MOEV5B5D,2b69ecf2-4acd-4a50-9235-fd3e25a79684,1c62185e-d1e0-4701-a5ee-04f7d80d38d3,11c9f1b8-0355-4753-bd74-40b42aa53616,7c748940-dcad-4c7c-a92e-76a2344622d3,250.00,BYN,2026-04-26 05:30:06+00,2026-04,2026-04,NONE,,a0000001-0000-0000-0000-000000000001,b0000001-0001-0000-0000-000000000004,bc0f7a90-df41-4a86-b2ea-2a1234d0d534,REBILL-c16e42cb-30f,clean,none,candidate,sbs_unresolved|no_recurring_evidence,""
broad,afc329ef-1878-4b42-8c2b-63bb54b4c6fa,d23a4001-4ee2-41ea-92be-61202976a865,a32338b0-8180-4d12-ad89-5771a6fcfa59,SUB-26-MLQHNWJMW2CN,8b5bc345-96d6-4991-a83b-a26f4601a156,a85cae63-e7a5-4ca2-8d41-f328f66d7ec7,11c9f1b8-0355-4753-bd74-40b42aa53616,7c748940-dcad-4c7c-a92e-76a2344622d3,250.00,BYN,2026-04-26 07:14:25+00,2026-04,2026-02,NONE,,a0000001-0000-0000-0000-000000000001,b0000001-0001-0000-0000-000000000003,bc0f7a90-df41-4a86-b2ea-2a1234d0d534,REBILL-afc329ef-187,clean,none,candidate,sbs_unresolved|no_recurring_evidence,""
broad,b9d946d4-e775-40e8-b5b7-f606d2e71642,8ab7d0a1-dd67-4188-ad8e-02cfaff7cc68,8e23720c-c5ff-41a7-8daa-09eb767fddc0,SUB-26-MNAI4HKZXJMB,f32ff3d9-7411-49da-969a-da8451044351,c8bd592e-0a68-49bd-b3dc-cb91ec09d275,11c9f1b8-0355-4753-bd74-40b42aa53616,31f75673-a7ae-420a-b5ab-5906e34cbf84,100.00,BYN,2026-04-27 16:01:00+00,2026-04,2026-03,NONE,,a0000001-0000-0000-0000-000000000001,b0000001-0001-0000-0000-000000000003,6f306cbc-24e8-4589-b6f3-2dca9e4d0c8e,REBILL-b9d946d4-e77,clean,none,candidate,sbs_unresolved|no_recurring_evidence,""
broad,05dda398-a6ef-4a76-b850-4d791feac6a6,a6435fe8-bd5d-4f2b-b477-23e9968c3bf6,66c37118-6f5e-4905-9be2-9abb30d60c44,SUB-LINK-MM5CEISX,1658b558-edf3-46ab-89f3-0fe712bbfbe0,b48a7646-7388-40f2-9113-36654e5a7fdc,11c9f1b8-0355-4753-bd74-40b42aa53616,7c748940-dcad-4c7c-a92e-76a2344622d3,250.00,BYN,2026-04-28 20:45:18+00,2026-04,2026-02,NONE,,a0000001-0000-0000-0000-000000000001,b0000001-0001-0000-0000-000000000003,,REBILL-05dda398-a6e,clean,none,candidate,sbs_unresolved|no_recurring_evidence,""
broad,3ec50f41-9c21-43fe-a6dd-50126429eaf6,68ce8249-b7e9-4b04-8215-960fa0f44285,66c37118-6f5e-4905-9be2-9abb30d60c44,SUB-LINK-MM5CEISX,1658b558-edf3-46ab-89f3-0fe712bbfbe0,b48a7646-7388-40f2-9113-36654e5a7fdc,11c9f1b8-0355-4753-bd74-40b42aa53616,7c748940-dcad-4c7c-a92e-76a2344622d3,250.00,BYN,2026-04-29 03:02:09+00,2026-04,2026-02,NONE,,a0000001-0000-0000-0000-000000000001,b0000001-0001-0000-0000-000000000003,,REBILL-3ec50f41-9c2,clean,none,candidate,sbs_unresolved|no_recurring_evidence,""
broad,d7483b8f-0000-436e-b7f9-89320f5c592e,1cbeb4af-ba19-4bb3-9398-cb85031cdfc0,0447c172-83ac-41df-986f-af7cc36f04de,SUB-LINK-MM5WY4RO,1ca89a55-80aa-4178-8d35-652ffe4ce888,47a6568b-71d8-4244-b33e-3dc87726433e,11c9f1b8-0355-4753-bd74-40b42aa53616,7c748940-dcad-4c7c-a92e-76a2344622d3,250.00,BYN,2026-04-29 08:15:30+00,2026-04,2026-02,NONE,,a0000001-0000-0000-0000-000000000001,b0000001-0001-0000-0000-000000000003,,REBILL-d7483b8f-000,clean,none,candidate,sbs_unresolved|no_recurring_evidence,""
broad,60a6d562-b40e-4bbf-ab68-7ddee7b47bbb,cdc026c3-94c8-4877-a585-25f0930ef3a8,375fbab5-4547-46e0-9cac-865218f45d10,SUB-LINK-MOJPJRTD,56de61af-3e13-4ab9-b492-8287a3d3cd21,1e669224-0c38-43cc-b568-c6d7971132e0,11c9f1b8-0355-4753-bd74-40b42aa53616,7c748940-dcad-4c7c-a92e-76a2344622d3,75.00,BYN,2026-04-29 11:33:15+00,2026-04,2026-04,NONE,,a0000001-0000-0000-0000-000000000001,b0000001-0001-0000-0000-000000000004,bc0f7a90-df41-4a86-b2ea-2a1234d0d534,REBILL-60a6d562-b40,clean,none,candidate,sbs_unresolved|no_recurring_evidence,""
broad,d8f6ba7f-680f-4f26-a67b-dd7970f429ca,951d7ee3-d4db-4c5d-884e-665e69cead29,7c558071-03c6-417a-971d-1ea182f3bbba,SUB-LINK-MM6ADJDQ,,,85046734-2282-4ded-b0d3-8c66c8f5bc2b,c5981337-242b-49e8-8c99-64ccf8fac13e,250.00,BYN,2026-04-29 16:15:25+00,2026-04,2026-02,NONE,,a0000001-0000-0000-0000-000000000005,b0000001-0005-0000-0000-000000000003,,REBILL-d8f6ba7f-680,clean,none,candidate,sbs_unresolved|no_recurring_evidence,""
broad,2807e6d5-84f2-4864-bbe8-13b96e7ce5d1,456cdedc-289a-4993-ba80-60e3c8c4f38b,8e23720c-c5ff-41a7-8daa-09eb767fddc0,SUB-26-MNAI4HKZXJMB,f32ff3d9-7411-49da-969a-da8451044351,c8bd592e-0a68-49bd-b3dc-cb91ec09d275,11c9f1b8-0355-4753-bd74-40b42aa53616,31f75673-a7ae-420a-b5ab-5906e34cbf84,100.00,BYN,2026-04-29 18:03:30+00,2026-04,2026-03,NONE,,a0000001-0000-0000-0000-000000000001,b0000001-0001-0000-0000-000000000003,6f306cbc-24e8-4589-b6f3-2dca9e4d0c8e,REBILL-2807e6d5-84f,clean,none,candidate,sbs_unresolved|no_recurring_evidence,""
broad,de15a022-aa58-4144-a115-c901e2b6ccb2,4e415413-6a1d-4d67-9b2b-f4890eeec2b3,66c37118-6f5e-4905-9be2-9abb30d60c44,SUB-LINK-MM5CEISX,1658b558-edf3-46ab-89f3-0fe712bbfbe0,b48a7646-7388-40f2-9113-36654e5a7fdc,11c9f1b8-0355-4753-bd74-40b42aa53616,7c748940-dcad-4c7c-a92e-76a2344622d3,250.00,BYN,2026-04-30 03:01:19+00,2026-04,2026-02,NONE,,a0000001-0000-0000-0000-000000000001,b0000001-0001-0000-0000-000000000003,,REBILL-de15a022-aa5,clean,none,candidate,sbs_unresolved|no_recurring_evidence,""
broad,1f4e6015-f6d6-4f78-a20f-221ad463837f,075d0528-67bd-4b16-98ed-7a12bc5414fd,7c558071-03c6-417a-971d-1ea182f3bbba,SUB-LINK-MM6ADJDQ,,,85046734-2282-4ded-b0d3-8c66c8f5bc2b,c5981337-242b-49e8-8c99-64ccf8fac13e,250.00,BYN,2026-04-30 03:01:48+00,2026-04,2026-02,NONE,,a0000001-0000-0000-0000-000000000005,b0000001-0005-0000-0000-000000000003,,REBILL-1f4e6015-f6d,clean,none,candidate,sbs_unresolved|no_recurring_evidence,""
broad,33ee496d-a70c-43ff-baf1-cefa8d5ffeb6,9a04f074-f537-47d9-9f32-8d1e24238bc9,db4f19c5-7353-47c0-a59d-ba11c2ae3eed,SUB-LINK-MNEBR9AV,bd3463a1-3b6f-4f3c-b5b8-bbd74e69482c,50e7ce85-0953-4ce3-8ea7-fb58e041a2ac,11c9f1b8-0355-4753-bd74-40b42aa53616,7c748940-dcad-4c7c-a92e-76a2344622d3,250.00,BYN,2026-04-30 08:15:25+00,2026-04,2026-03,NONE,,a0000001-0000-0000-0000-000000000001,b0000001-0001-0000-0000-000000000003,,REBILL-33ee496d-a70,clean,none,candidate,sbs_unresolved|no_recurring_evidence,""
broad,e40519a8-31a1-465c-89b0-5f51eb42a41f,6b803325-ba64-4991-8cbb-a258afd86141,7c558071-03c6-417a-971d-1ea182f3bbba,SUB-LINK-MM6ADJDQ,,,85046734-2282-4ded-b0d3-8c66c8f5bc2b,c5981337-242b-49e8-8c99-64ccf8fac13e,250.00,BYN,2026-05-01 03:02:06+00,2026-05,2026-02,NONE,,a0000001-0000-0000-0000-000000000005,b0000001-0005-0000-0000-000000000003,,REBILL-e40519a8-31a,clean,none,candidate,sbs_unresolved|no_recurring_evidence,""
broad,a83352c2-7703-4c05-b639-4d994b8231c4,8f22a0c4-6c4e-444b-88b5-06b154384f99,ce568c9e-dcf4-4a56-a574-83afb158ea5f,SUB-LINK-MMADP5ZB,97df997b-6fa0-4939-a3a6-91a34b1c002b,dccddc7a-421a-4c90-a0ed-86a8a33f5c21,11c9f1b8-0355-4753-bd74-40b42aa53616,7c748940-dcad-4c7c-a92e-76a2344622d3,250.00,BYN,2026-05-02 09:15:10+00,2026-05,2026-03,NONE,,a0000001-0000-0000-0000-000000000001,b0000001-0001-0000-0000-000000000003,,REBILL-a83352c2-770,clean,none,candidate,sbs_unresolved|no_recurring_evidence,""
broad,5a112ac0-eac2-4e9f-b25d-ce81af8cf41d,fca38cc5-e929-4906-9ca5-a83190fcdbe4,781666a7-5e19-4c42-a889-3f81e8a5a935,SUB-LINK-MNHH3SQH,8d974225-b89c-4a97-9ce3-9b0c4041ea5d,066bbf20-61f6-4cf6-9493-25c1ba75bdc8,85046734-2282-4ded-b0d3-8c66c8f5bc2b,c5981337-242b-49e8-8c99-64ccf8fac13e,250.00,BYN,2026-05-02 13:00:56+00,2026-05,2026-04,NONE,,a0000001-0000-0000-0000-000000000005,b0000001-0005-0000-0000-000000000003,,REBILL-5a112ac0-eac,clean,none,candidate,sbs_unresolved|no_recurring_evidence,""
broad,0e713a34-9e7f-42fb-be8f-9861fbbf3bd8,f76b8c76-2b0e-4275-8abb-2aec437c2329,2e0b6eaa-da53-4f9c-98fb-2a1bb2d366b4,SUB-LINK-MNHH6TU2,1409fd0e-23fb-44fb-a6af-11778a53a94f,30cba3a0-1604-41d9-9c83-9f93a0f2e60c,11c9f1b8-0355-4753-bd74-40b42aa53616,7c748940-dcad-4c7c-a92e-76a2344622d3,250.00,BYN,2026-05-02 13:15:25+00,2026-05,2026-04,NONE,,a0000001-0000-0000-0000-000000000001,b0000001-0001-0000-0000-000000000003,,REBILL-0e713a34-9e7,clean,none,candidate,sbs_unresolved|no_recurring_evidence,""
broad,76eaa1d1-6705-424e-894d-2c8de81dfde7,22b52a8a-e847-4f3c-aea1-a78c12536a0e,c75fa75c-2856-46f4-be50-881b2dc4a0d9,SUB-26-MMAWIO73NU51,ec3cd5a2-16e0-4905-9e6f-b22e5268927b,6c619aba-980e-4a1b-b459-11a0c9171457,85046734-2282-4ded-b0d3-8c66c8f5bc2b,c5981337-242b-49e8-8c99-64ccf8fac13e,250.00,BYN,2026-05-02 18:00:46+00,2026-05,2026-03,NONE,,a0000001-0000-0000-0000-000000000005,b0000001-0005-0000-0000-000000000003,88c6f10d-a0c6-47f3-9d90-980b3a86fe1c,REBILL-76eaa1d1-670,clean,none,candidate,sbs_unresolved|no_recurring_evidence,""
broad,479c6df9-fcd7-4813-80a7-70cd55f3f8a0,ee98e5a4-9452-4dc5-a1cd-ec6de014fd19,a0918512-cb43-4652-8a40-3cc284f0f686,SUB-26-MMBLYVOS3KAC,6164fa9e-36cc-4477-b882-4612a8f90379,1eb42e6f-6af2-4f34-a0ee-c37534c2a085,11c9f1b8-0355-4753-bd74-40b42aa53616,7c748940-dcad-4c7c-a92e-76a2344622d3,250.00,BYN,2026-05-03 05:45:10+00,2026-05,2026-03,NONE,,a0000001-0000-0000-0000-000000000001,b0000001-0001-0000-0000-000000000003,bc0f7a90-df41-4a86-b2ea-2a1234d0d534,REBILL-479c6df9-fcd,clean,none,candidate,sbs_unresolved|no_recurring_evidence,""
broad,a3737a29-9d8a-4eea-88d4-f52d4b676073,64accff3-2e44-4ed0-9ccb-f4e4f45fc95c,3c0bc1e1-fd95-4105-b3a9-a19b599bdbb0,SUB-LINK-MMBMO4LL,961ac34c-75b4-47e6-b8f9-002ec87247ed,32b8fd7b-91ab-48d1-b209-f30e026c022c,11c9f1b8-0355-4753-bd74-40b42aa53616,7c748940-dcad-4c7c-a92e-76a2344622d3,250.00,BYN,2026-05-03 06:45:15+00,2026-05,2026-03,NONE,,a0000001-0000-0000-0000-000000000001,b0000001-0001-0000-0000-000000000003,,REBILL-a3737a29-9d8,clean,none,candidate,sbs_unresolved|no_recurring_evidence,""
broad,1f92a138-6a20-461b-8378-c5b8db7b4cc5,a752f367-ddcc-4508-8405-f680250b9feb,e4c429ed-9745-4e41-9a84-5131a3f65888,SUB-LINK-MMBNQHVI,8c3b6be5-dfdd-486a-9352-61a3145d7ee1,26f9f5fb-8a8e-4e6e-9aff-10a9b46d221f,85046734-2282-4ded-b0d3-8c66c8f5bc2b,c5981337-242b-49e8-8c99-64ccf8fac13e,250.00,BYN,2026-05-03 07:00:13+00,2026-05,2026-03,NONE,,a0000001-0000-0000-0000-000000000005,b0000001-0005-0000-0000-000000000003,,REBILL-1f92a138-6a2,clean,none,candidate,sbs_unresolved|no_recurring_evidence,""
broad,ef22adef-b995-46fc-8981-af9d9207e63f,48ac648e-6045-453e-989b-e8ceee00dbaf,6f1a3af9-c8bc-4661-ba7e-2ae8b3005c6a,SUB-LINK-MNIQ1XGN,4a94ab96-4a10-48ef-9e7b-3737e9430dbc,6f388484-a940-45c7-968c-4eae6253c98f,85046734-2282-4ded-b0d3-8c66c8f5bc2b,c5981337-242b-49e8-8c99-64ccf8fac13e,250.00,BYN,2026-05-03 10:15:10+00,2026-05,2026-04,NONE,,a0000001-0000-0000-0000-000000000005,b0000001-0005-0000-0000-000000000003,,REBILL-ef22adef-b99,clean,none,candidate,sbs_unresolved|no_recurring_evidence,""
broad,5d351438-1d0c-4772-8b40-eef373444b12,ae6387aa-c907-441d-a6c3-26637c6cb4c4,4eaa9e40-f9dd-4b2d-a7ad-3639fdec3b62,SUB-LINK-MNIQS4P0,648b6efd-30f8-4dd0-b041-3629b00e9669,de336e70-b337-4060-ae33-ac6aa75102ed,85046734-2282-4ded-b0d3-8c66c8f5bc2b,c5981337-242b-49e8-8c99-64ccf8fac13e,250.00,BYN,2026-05-03 10:15:13+00,2026-05,2026-04,NONE,,a0000001-0000-0000-0000-000000000005,b0000001-0005-0000-0000-000000000003,,REBILL-5d351438-1d0,clean,none,candidate,sbs_unresolved|no_recurring_evidence,""
broad,927b948e-e24f-4b76-b9ca-4ac7f764a3d8,1fbc88e7-3c3a-491b-8d5b-75f5fd5726b2,8b806a34-a375-4c3e-a60b-0f4235c1f59c,SUB-LINK-MNIT7JUV,d8127155-5ed3-42df-ac10-e4348b5ff641,f75edd5b-cfe4-4050-985d-6b88af217f80,11c9f1b8-0355-4753-bd74-40b42aa53616,7c748940-dcad-4c7c-a92e-76a2344622d3,250.00,BYN,2026-05-03 11:30:09+00,2026-05,2026-04,NONE,,a0000001-0000-0000-0000-000000000001,b0000001-0001-0000-0000-000000000003,,REBILL-927b948e-e24,clean,none,candidate,sbs_unresolved|no_recurring_evidence,""
broad,02e332de-3cfb-441a-95a0-7e2b3079f64a,a3237ab8-741f-46a3-bf35-87fbecec33d6,6395d6e5-cce6-4f13-a6b8-5ee232027e3a,SUB-LINK-MNIT8568,d8127155-5ed3-42df-ac10-e4348b5ff641,f75edd5b-cfe4-4050-985d-6b88af217f80,85046734-2282-4ded-b0d3-8c66c8f5bc2b,c5981337-242b-49e8-8c99-64ccf8fac13e,250.00,BYN,2026-05-03 11:30:11+00,2026-05,2026-04,NONE,,a0000001-0000-0000-0000-000000000005,b0000001-0005-0000-0000-000000000003,,REBILL-02e332de-3cf,clean,none,candidate,sbs_unresolved|no_recurring_evidence,""
broad,fb2a205f-0216-4e7f-9bbb-fae060e0c9f4,5b022bc3-4e5a-4690-87a0-7cdf97bc3b9c,e43eb4f3-31fc-4790-9184-c3bdd76e8281,SUB-LINK-MNIT5WBT,f437c04e-6901-4be7-ba30-9397c0bcc9be,004adbd5-2422-4219-9be6-369edf03672b,85046734-2282-4ded-b0d3-8c66c8f5bc2b,c5981337-242b-49e8-8c99-64ccf8fac13e,250.00,BYN,2026-05-03 11:45:12+00,2026-05,2026-04,NONE,,a0000001-0000-0000-0000-000000000005,b0000001-0005-0000-0000-000000000003,,REBILL-fb2a205f-021,clean,none,candidate,sbs_unresolved|no_recurring_evidence,""
broad,13dc890c-bc24-49c7-9b48-17e17dc65909,39736054-2959-4069-ba60-1b106a9a1225,c99cc1fc-db72-4d61-96af-a0b9c8454062,SUB-LINK-MNITPK32,78123ed5-3a00-4982-87cf-72de6c0cdb8c,3d4a987b-60d3-456b-8eb1-ecc2baa71ab4,85046734-2282-4ded-b0d3-8c66c8f5bc2b,c5981337-242b-49e8-8c99-64ccf8fac13e,250.00,BYN,2026-05-03 11:45:13+00,2026-05,2026-04,NONE,,a0000001-0000-0000-0000-000000000005,b0000001-0005-0000-0000-000000000003,,REBILL-13dc890c-bc2,clean,none,candidate,sbs_unresolved|no_recurring_evidence,""
broad,1efeb42e-e7f0-40af-9cca-1d80de32a1b6,b159776a-dc74-43bb-b4b4-82793d3536e4,917f4923-9c79-4b99-a9d8-40982c1dc691,SUB-LINK-MMBY8ZVC,41b83bf6-4b48-414a-9889-4880df9af265,db04f9c1-c8dd-4247-960f-122349627755,11c9f1b8-0355-4753-bd74-40b42aa53616,7c748940-dcad-4c7c-a92e-76a2344622d3,250.00,BYN,2026-05-03 12:00:58+00,2026-05,2026-03,NONE,,a0000001-0000-0000-0000-000000000001,b0000001-0001-0000-0000-000000000003,,REBILL-1efeb42e-e7f,clean,none,candidate,sbs_unresolved|no_recurring_evidence,""
broad,87c0ce0d-9931-4942-bd2a-bb12fc8f0e6a,ff8db21c-2002-47f6-8944-82790880827d,c03d9a55-f288-499a-a52a-8bc5b34c1c9c,SUB-LINK-MMBY9HMZ,41b83bf6-4b48-414a-9889-4880df9af265,db04f9c1-c8dd-4247-960f-122349627755,85046734-2282-4ded-b0d3-8c66c8f5bc2b,c5981337-242b-49e8-8c99-64ccf8fac13e,250.00,BYN,2026-05-03 12:01:00+00,2026-05,2026-03,NONE,,a0000001-0000-0000-0000-000000000005,b0000001-0005-0000-0000-000000000003,,REBILL-87c0ce0d-993,clean,none,candidate,sbs_unresolved|no_recurring_evidence,""
broad,76d35d73-02ec-4a4c-841f-f8d0262dc759,e34e0756-9e38-48fa-978e-0a197dd7aa50,e33f62d3-d548-448f-b4d1-ee1eb32f22b4,SUB-26-MMC112ZGW57N,856cb856-0aba-4332-83e7-ec9c350930ee,699710b8-a39a-49f9-8317-698dad5ef8b3,11c9f1b8-0355-4753-bd74-40b42aa53616,31f75673-a7ae-420a-b5ab-5906e34cbf84,100.00,BYN,2026-05-03 12:45:08+00,2026-05,2026-03,NONE,,a0000001-0000-0000-0000-000000000001,b0000001-0001-0000-0000-000000000003,6f306cbc-24e8-4589-b6f3-2dca9e4d0c8e,REBILL-76d35d73-02e,clean,none,candidate,sbs_unresolved|no_recurring_evidence,""
broad,d1a02d2f-58de-4f65-9668-ba3a674b9146,ae714ea0-3bb0-485b-8334-72976938590b,ad3f55c5-e109-48d3-a489-f8a4691e1834,SUB-LINK-MNIX8ZUF,7d773d71-70de-44e1-899c-cbeaa8686c30,cb49e9db-46e5-4237-8c78-e07486a0ed8a,11c9f1b8-0355-4753-bd74-40b42aa53616,7c748940-dcad-4c7c-a92e-76a2344622d3,250.00,BYN,2026-05-03 13:30:12+00,2026-05,2026-04,NONE,,a0000001-0000-0000-0000-000000000001,b0000001-0001-0000-0000-000000000003,,REBILL-d1a02d2f-58d,clean,none,candidate,sbs_unresolved|no_recurring_evidence,""
broad,40ea5d71-4316-474b-beb7-e5d15211c34a,9fac8fda-a5ff-48bc-b4b6-5ae9b5ebd264,dfeb8812-9bad-49ae-b191-3ebd20aaa48a,SUB-LINK-MMC8BJ22,4a94ab96-4a10-48ef-9e7b-3737e9430dbc,6f388484-a940-45c7-968c-4eae6253c98f,11c9f1b8-0355-4753-bd74-40b42aa53616,7c748940-dcad-4c7c-a92e-76a2344622d3,250.00,BYN,2026-05-03 17:15:31+00,2026-05,2026-03,NONE,,a0000001-0000-0000-0000-000000000001,b0000001-0001-0000-0000-000000000003,,REBILL-40ea5d71-431,clean,none,candidate,sbs_unresolved|no_recurring_evidence,""
broad,0cb02c76-449c-4213-9c76-c031e52cded8,b2d6b17a-3ddd-40ae-9275-90d4fdd8a0c3,281dd3c1-3a72-47be-a855-7f167324d872,SUB-LINK-MNJ11X1A,f0f0d5e1-2ddd-438e-9fae-4d15f912c2a2,c3e80c6f-322e-426d-9a37-296cf30287bc,11c9f1b8-0355-4753-bd74-40b42aa53616,7c748940-dcad-4c7c-a92e-76a2344622d3,250.00,BYN,2026-05-03 19:00:23+00,2026-05,2026-04,NONE,,a0000001-0000-0000-0000-000000000001,b0000001-0001-0000-0000-000000000003,,REBILL-0cb02c76-449,clean,none,candidate,sbs_unresolved|no_recurring_evidence,""
broad,61df2516-8133-43c6-a056-26afad0ccabb,4d143b78-2010-4421-b5e9-dd06ecb2b2d3,45f8d936-c2cf-4deb-b4e0-b4ee566b17f4,SUB-LINK-MMD257T6,,,11c9f1b8-0355-4753-bd74-40b42aa53616,b276d8a5-8e5f-4876-9f99-36f818722d6c,150.00,BYN,2026-05-04 07:15:24+00,2026-05,2026-03,NONE,,a0000001-0000-0000-0000-000000000001,b0000001-0001-0000-0000-000000000003,,REBILL-61df2516-813,clean,none,candidate,sbs_unresolved|no_recurring_evidence,""
broad,b6322606-4de0-4857-bb87-c7dae5adc2bd,bc014c6c-15f7-495a-ae07-b56cd1d98eb0,6d9b7bdb-8d30-4973-9175-ca3913333245,SUB-LINK-MMD24LLZ,8475df88-cb91-453f-a222-308f000f40a8,806deb56-451c-4feb-bdf7-dfde84b88de0,11c9f1b8-0355-4753-bd74-40b42aa53616,7c748940-dcad-4c7c-a92e-76a2344622d3,250.00,BYN,2026-05-04 07:15:25+00,2026-05,2026-03,NONE,,a0000001-0000-0000-0000-000000000001,b0000001-0001-0000-0000-000000000003,,REBILL-b6322606-4de,clean,none,candidate,sbs_unresolved|no_recurring_evidence,""
broad,eb548686-1ac9-4ade-a438-e0691bfb71c2,9139ff27-1d07-47ac-a47a-c1261f6d1819,23657631-c2f8-4094-8c0d-38b4d90124aa,SUB-LINK-MMD23P9X,871ac688-88c8-4739-b2eb-51779bd69fed,640c34a1-3e9d-46c2-96fe-29b44054f918,11c9f1b8-0355-4753-bd74-40b42aa53616,7c748940-dcad-4c7c-a92e-76a2344622d3,250.00,BYN,2026-05-04 10:15:44+00,2026-05,2026-03,NONE,,a0000001-0000-0000-0000-000000000001,b0000001-0001-0000-0000-000000000003,,REBILL-eb548686-1ac,clean,none,candidate,sbs_unresolved|no_recurring_evidence,""
broad,1fb24a9b-c6f9-4368-9dd7-f8dd2ecd33bd,9ed94fa8-9d93-4ed9-b5a6-b25c8544a812,8e7e8803-7754-462d-839c-d99382c250ff,SUB-LINK-MMD5EC9Y,84feb5b9-064b-4bfb-96ce-b3271e85e3a5,378b1166-d5c3-4812-b28c-d4c19d0929f2,11c9f1b8-0355-4753-bd74-40b42aa53616,7c748940-dcad-4c7c-a92e-76a2344622d3,250.00,BYN,2026-05-04 10:15:45+00,2026-05,2026-03,NONE,,a0000001-0000-0000-0000-000000000001,b0000001-0001-0000-0000-000000000003,,REBILL-1fb24a9b-c6f,clean,none,candidate,sbs_unresolved|no_recurring_evidence,""
broad,e694441e-082d-4ba4-bc98-91b4c23bafce,ca5f2276-7d5d-4ac8-8d20-ff38ac3d91cb,4eaa9e40-f9dd-4b2d-a7ad-3639fdec3b62,SUB-LINK-MNIQS4P0,648b6efd-30f8-4dd0-b041-3629b00e9669,de336e70-b337-4060-ae33-ac6aa75102ed,85046734-2282-4ded-b0d3-8c66c8f5bc2b,c5981337-242b-49e8-8c99-64ccf8fac13e,80.00,BYN,2026-05-04 14:11:16+00,2026-05,2026-04,NONE,,a0000001-0000-0000-0000-000000000005,b0000001-0005-0000-0000-000000000003,,REBILL-e694441e-082,clean,none,candidate,sbs_unresolved|no_recurring_evidence,""
broad,e325f120-5ed1-498e-88fb-c5749d895a7b,3f039d55-3707-4e48-82a2-bdc871993360,68c216e7-02ab-469a-9c2f-9eb1393ee3d1,SUB-26-MMDUW6P2HJ7F,0d778566-b079-4e62-a5c0-3d9f07ec898e,4786da04-9e4f-4071-ba76-a85df3036fe1,85046734-2282-4ded-b0d3-8c66c8f5bc2b,c5981337-242b-49e8-8c99-64ccf8fac13e,250.00,BYN,2026-05-04 19:30:27+00,2026-05,2026-03,NONE,,a0000001-0000-0000-0000-000000000005,b0000001-0005-0000-0000-000000000003,88c6f10d-a0c6-47f3-9d90-980b3a86fe1c,REBILL-e325f120-5ed,clean,none,candidate,sbs_unresolved|no_recurring_evidence,""
broad,d63245a2-e261-4ad2-a192-056076b4734d,0650d843-f7ad-48f3-919d-79aead73c1ba,17a2890e-49c6-43fb-b376-14c98943f1d4,SUB-LINK-MMDXYP4O,eb39c79d-2588-4ab6-b831-7cd2d5a1641d,2ab73923-5923-4e6a-8077-d699fc0381f4,11c9f1b8-0355-4753-bd74-40b42aa53616,7c748940-dcad-4c7c-a92e-76a2344622d3,250.00,BYN,2026-05-04 21:15:31+00,2026-05,2026-03,NONE,,a0000001-0000-0000-0000-000000000001,b0000001-0001-0000-0000-000000000003,,REBILL-d63245a2-e26,clean,none,candidate,sbs_unresolved|no_recurring_evidence,""
broad,0db031b3-3ec6-4fce-a306-4c887d480bf3,e62dbf3d-8b84-4870-9f22-d0d39291c91e,45f8d936-c2cf-4deb-b4e0-b4ee566b17f4,SUB-LINK-MMD257T6,6ed48afa-11bb-4169-a0d4-5f8d2fb0ee1f,0ade8eaa-7297-4a29-b13a-052a4567ae77,11c9f1b8-0355-4753-bd74-40b42aa53616,b276d8a5-8e5f-4876-9f99-36f818722d6c,150.00,BYN,2026-05-05 03:00:56+00,2026-05,2026-03,NONE,,a0000001-0000-0000-0000-000000000001,b0000001-0001-0000-0000-000000000003,,REBILL-0db031b3-3ec,clean,none,candidate,sbs_unresolved|no_recurring_evidence,""
broad,acf914a9-e297-4e69-bd4b-20e328b5d849,2fdc55c4-13cd-4f9b-b3cf-e87410508880,6332ce4e-bb84-48a8-b23f-9433ddc5c660,SUB-LINK-MMEHJM2V,8d974225-b89c-4a97-9ce3-9b0c4041ea5d,066bbf20-61f6-4cf6-9493-25c1ba75bdc8,11c9f1b8-0355-4753-bd74-40b42aa53616,7c748940-dcad-4c7c-a92e-76a2344622d3,250.00,BYN,2026-05-05 06:15:33+00,2026-05,2026-03,NONE,,a0000001-0000-0000-0000-000000000001,b0000001-0001-0000-0000-000000000003,,REBILL-acf914a9-e29,clean,none,candidate,sbs_unresolved|no_recurring_evidence,""
broad,1c0ccf66-8323-41bf-99cd-8a26ff6318be,cb914f2d-ed10-490d-9ad3-e00f8c8c547e,82673b93-f66c-4248-8685-9c6701b10db8,SUB-LINK-MMEHLH85,010e895e-6407-4ff3-9cb1-86f63f9ced8a,be35c969-ff2c-4ab9-be64-7c830a67cdc6,11c9f1b8-0355-4753-bd74-40b42aa53616,31f75673-a7ae-420a-b5ab-5906e34cbf84,55.00,BYN,2026-05-05 06:15:35+00,2026-05,2026-03,NONE,,a0000001-0000-0000-0000-000000000001,b0000001-0001-0000-0000-000000000003,,REBILL-1c0ccf66-832,clean,none,candidate,sbs_unresolved|no_recurring_evidence,""
broad,f46d1883-9923-4a86-9fae-44a7c369618a,8e75bc70-e174-43e7-aae1-4da6652187de,fafc0b87-473f-4824-9164-5be901940a29,SUB-LINK-MNLEV8FN,038a3667-be23-45fa-9b3e-e92c678e8bde,d84f2eb0-3bd2-47cf-8bfe-c2c2ab516e0c,85046734-2282-4ded-b0d3-8c66c8f5bc2b,c5981337-242b-49e8-8c99-64ccf8fac13e,250.00,BYN,2026-05-05 07:45:15+00,2026-05,2026-04,NONE,,a0000001-0000-0000-0000-000000000005,b0000001-0005-0000-0000-000000000003,,REBILL-f46d1883-992,clean,none,candidate,sbs_unresolved|no_recurring_evidence,""
broad,4d152dbd-3f9d-44ee-8143-dfbe74efe6e5,cd62352f-92ec-4b88-b483-37f6d1de9801,6e08d10f-74b9-4c4e-9d33-b512f1572fd4,SUB-LINK-MMEM37EQ,871ac688-88c8-4739-b2eb-51779bd69fed,640c34a1-3e9d-46c2-96fe-29b44054f918,85046734-2282-4ded-b0d3-8c66c8f5bc2b,c5981337-242b-49e8-8c99-64ccf8fac13e,250.00,BYN,2026-05-05 08:15:15+00,2026-05,2026-03,NONE,,a0000001-0000-0000-0000-000000000005,b0000001-0005-0000-0000-000000000003,88c6f10d-a0c6-47f3-9d90-980b3a86fe1c,REBILL-4d152dbd-3f9,clean,none,candidate,sbs_unresolved|no_recurring_evidence,""
broad,fa0cd08d-2320-44ea-8fe6-6aa89accd4fc,15bcf4ba-b285-4c9d-b2b1-07fed45ddd77,f56393e2-69b5-4280-af96-627b776d3342,SUB-26-MMEM0PJXE7O2,300cafe6-6555-48ee-8b57-66d4f24ef51d,2fe0679d-1574-4ce6-b77b-0889e734b761,85046734-2282-4ded-b0d3-8c66c8f5bc2b,c5981337-242b-49e8-8c99-64ccf8fac13e,250.00,BYN,2026-05-05 08:15:35+00,2026-05,2026-03,NONE,,a0000001-0000-0000-0000-000000000005,b0000001-0005-0000-0000-000000000003,88c6f10d-a0c6-47f3-9d90-980b3a86fe1c,REBILL-fa0cd08d-232,clean,none,candidate,sbs_unresolved|no_recurring_evidence,""
broad,04f41bf8-fb30-423e-a749-4e55d35245aa,283107bc-b5d2-4d1b-b70a-ac807b826099,2109028f-6764-48c9-a6d1-feb70c4d8c60,SUB-LINK-MNLQXVN4,a8b321b2-779b-42b8-a8d4-bde8ecba7dac,ebc0fecc-5b12-40b1-9d0b-43f2f432a64b,85046734-2282-4ded-b0d3-8c66c8f5bc2b,c5981337-242b-49e8-8c99-64ccf8fac13e,250.00,BYN,2026-05-05 12:45:39+00,2026-05,2026-04,NONE,,a0000001-0000-0000-0000-000000000005,b0000001-0005-0000-0000-000000000003,,REBILL-04f41bf8-fb3,clean,none,candidate,sbs_unresolved|no_recurring_evidence,""
broad,010f217e-032c-4d3f-a0e6-39a7a18c24e0,204ccd99-975c-4585-8c87-a198ddc27d67,b0b9e34a-d59c-45dd-bbd7-28102f6f742e,SUB-LINK-MMEHK9C6,bb724225-9c79-4e87-a305-3d015bf3bbf8,4fd444d4-670a-4bb0-8823-816e981dc465,11c9f1b8-0355-4753-bd74-40b42aa53616,7c748940-dcad-4c7c-a92e-76a2344622d3,250.00,BYN,2026-05-06 02:45:25+00,2026-05,2026-03,NONE,,a0000001-0000-0000-0000-000000000001,b0000001-0001-0000-0000-000000000003,,REBILL-010f217e-032,clean,none,candidate,sbs_unresolved|no_recurring_evidence,""
broad,552f793b-e555-407d-b166-f6aa366eb3f7,b4de0e70-d421-4734-b2e6-6677348abb5b,0ecf5b2f-0eb4-4d3e-8cc1-8429168e3f3c,SUB-26-MNMOZOP4O7ZM,b49a7004-e42b-4238-9620-99285802d78f,31313cf2-62fe-4f74-980e-5390c9a8c827,11c9f1b8-0355-4753-bd74-40b42aa53616,7c748940-dcad-4c7c-a92e-76a2344622d3,250.00,BYN,2026-05-06 04:45:27+00,2026-05,2026-04,NONE,,a0000001-0000-0000-0000-000000000001,b0000001-0001-0000-0000-000000000003,bc0f7a90-df41-4a86-b2ea-2a1234d0d534,REBILL-552f793b-e55,clean,none,candidate,sbs_unresolved|no_recurring_evidence,""
broad,c4f72edf-1326-409c-8d4e-8c184c11c714,1c113c08-f594-4099-b1ba-f9c1c60cbf26,a95a5c11-6fe2-40c8-9c25-5d64f71bbf09,SUB-LINK-MNMV2JIC,31f317b3-888d-4e26-9326-cf76584f81fd,790e3ffc-b339-4e69-b138-9b5be4c1003f,85046734-2282-4ded-b0d3-8c66c8f5bc2b,c5981337-242b-49e8-8c99-64ccf8fac13e,250.00,BYN,2026-05-06 07:30:35+00,2026-05,2026-04,NONE,,a0000001-0000-0000-0000-000000000005,b0000001-0005-0000-0000-000000000003,,REBILL-c4f72edf-132,clean,none,candidate,sbs_unresolved|no_recurring_evidence,""
broad,04cf5517-0040-45f3-81f1-f1a7544582eb,d04b75af-92fa-4fed-8183-0a15d8342753,0c708719-a2b2-49d9-9978-827e35be92b9,SUB-26-ML9510V7GVSJ,267cae5c-ea25-45f6-bef2-d739a5a8d13f,b9c9a0ce-0ad4-407f-a033-35ff93f31c94,11c9f1b8-0355-4753-bd74-40b42aa53616,7c748940-dcad-4c7c-a92e-76a2344622d3,250.00,BYN,2026-05-06 07:45:23+00,2026-05,2026-02,NONE,,a0000001-0000-0000-0000-000000000001,b0000001-0001-0000-0000-000000000003,bc0f7a90-df41-4a86-b2ea-2a1234d0d534,REBILL-04cf5517-004,clean,none,candidate,sbs_unresolved|no_recurring_evidence,""
broad,0186fe10-8a56-4e22-8a0c-388621539506,2e9dfdb3-1a85-4433-834a-9aa6c5b6ba34,9aa8d6b6-a61f-428c-83aa-fda7dde866b0,SUB-26-MNMXW6WYORJ7,df411c24-015e-4eea-950b-1282d33efc4f,96f08034-6467-4b47-ba4b-feca5ecf4d07,11c9f1b8-0355-4753-bd74-40b42aa53616,7c748940-dcad-4c7c-a92e-76a2344622d3,250.00,BYN,2026-05-06 08:45:26+00,2026-05,2026-04,NONE,,a0000001-0000-0000-0000-000000000001,b0000001-0001-0000-0000-000000000003,bc0f7a90-df41-4a86-b2ea-2a1234d0d534,REBILL-0186fe10-8a5,clean,none,candidate,sbs_unresolved|no_recurring_evidence,""
broad,beba83c3-daaf-4d9a-b918-6ffc775de841,8703e82b-5475-4785-b897-5af866ac46e1,78a7c35e-c9c9-49b9-99bd-20feb8a0db8b,SUB-26-ML99852YVPF5,b49a7004-e42b-4238-9620-99285802d78f,31313cf2-62fe-4f74-980e-5390c9a8c827,85046734-2282-4ded-b0d3-8c66c8f5bc2b,c5981337-242b-49e8-8c99-64ccf8fac13e,250.00,BYN,2026-05-06 09:30:49+00,2026-05,2026-02,NONE,,a0000001-0000-0000-0000-000000000005,b0000001-0005-0000-0000-000000000003,88c6f10d-a0c6-47f3-9d90-980b3a86fe1c,REBILL-beba83c3-daa,clean,none,candidate,sbs_unresolved|no_recurring_evidence,""
broad,76846c3a-64b6-4bc0-97c7-f840698a28b3,d00ba9e9-563b-4e5d-8288-cf4fb24575fe,a8aa7627-43db-4752-85e4-25716ecc2511,SUB-LINK-MNN5HOTM,692f22b7-e702-4e0c-953f-c932d9a7da3f,a13d99e5-324c-4ad5-82ce-877112908508,11c9f1b8-0355-4753-bd74-40b42aa53616,7c748940-dcad-4c7c-a92e-76a2344622d3,250.00,BYN,2026-05-06 12:16:04+00,2026-05,2026-04,NONE,,a0000001-0000-0000-0000-000000000001,b0000001-0001-0000-0000-000000000003,,REBILL-76846c3a-64b,clean,none,candidate,sbs_unresolved|no_recurring_evidence,""
broad,c90978b4-ec64-4102-af92-04e89531cc9d,b6fbe2d3-3814-4434-b04a-99a2d8c7e93e,6148928b-b7a4-4589-867b-819be4b57b0a,SUB-LINK-MNN5JVZF,def0faba-02ca-4bec-b8cb-9a2b2eab74d1,d74aeb9b-b959-4c65-9393-871d79bee598,85046734-2282-4ded-b0d3-8c66c8f5bc2b,c5981337-242b-49e8-8c99-64ccf8fac13e,250.00,BYN,2026-05-06 12:30:58+00,2026-05,2026-04,NONE,,a0000001-0000-0000-0000-000000000005,b0000001-0005-0000-0000-000000000003,,REBILL-c90978b4-ec6,clean,none,candidate,sbs_unresolved|no_recurring_evidence,""
broad,0ee584df-945b-41ce-8714-9d33abb69311,b46162a0-c58b-4f51-9818-bc8a7c52384c,a8aa7627-43db-4752-85e4-25716ecc2511,SUB-LINK-MNN5HOTM,692f22b7-e702-4e0c-953f-c932d9a7da3f,a13d99e5-324c-4ad5-82ce-877112908508,11c9f1b8-0355-4753-bd74-40b42aa53616,7c748940-dcad-4c7c-a92e-76a2344622d3,250.00,BYN,2026-05-06 16:01:46+00,2026-05,2026-04,NONE,,a0000001-0000-0000-0000-000000000001,b0000001-0001-0000-0000-000000000003,,REBILL-0ee584df-945,clean,none,candidate,sbs_unresolved|no_recurring_evidence,""
broad,d6d58910-c181-4d08-b9ce-c4e438dd9200,7b4bf9e9-2d9b-4f89-9e85-89746b42740d,413d1847-6bed-4b67-a0ee-db9a47fcba18,SUB-26-MLAFVJNZ9XEX,6217d46c-74d2-43e7-afb9-85bb412d7d29,7853c985-2bc2-4452-a327-2e8d30f0117d,11c9f1b8-0355-4753-bd74-40b42aa53616,7c748940-dcad-4c7c-a92e-76a2344622d3,250.00,BYN,2026-05-07 05:30:09+00,2026-05,2026-02,NONE,,a0000001-0000-0000-0000-000000000001,b0000001-0001-0000-0000-000000000003,bc0f7a90-df41-4a86-b2ea-2a1234d0d534,REBILL-d6d58910-c18,clean,none,candidate,sbs_unresolved|no_recurring_evidence,""
broad,2e0a1684-ed68-4fb0-9a00-5cbefbf3924b,85970665-e5bd-465d-9303-f775dbf82445,11fa68f1-49a7-40e7-9ca4-abd4eda1b63b,SUB-26-MMHCMXD3U5LA,dd5e4180-e0fb-45b3-941e-8b09dd85970d,5338a5bc-9e4e-4acc-aa40-dec8395dc438,11c9f1b8-0355-4753-bd74-40b42aa53616,7c748940-dcad-4c7c-a92e-76a2344622d3,250.00,BYN,2026-05-07 06:15:25+00,2026-05,2026-03,NONE,,a0000001-0000-0000-0000-000000000001,b0000001-0001-0000-0000-000000000003,bc0f7a90-df41-4a86-b2ea-2a1234d0d534,REBILL-2e0a1684-ed6,clean,none,candidate,sbs_unresolved|no_recurring_evidence,""
broad,2efc999a-283f-46e9-8ffc-064355bb06ab,f99c4cb8-40a6-4887-bffe-88d866b3cc3e,471053a1-35b9-4ffd-b05d-6f754f25ceac,SUB-26-MLAIG1K35AL0,6ae5cc6e-81f5-4920-bdf6-805eb700de12,3fcc31f8-2159-4113-9bd3-7371fd96e462,11c9f1b8-0355-4753-bd74-40b42aa53616,7c748940-dcad-4c7c-a92e-76a2344622d3,250.00,BYN,2026-05-07 06:45:10+00,2026-05,2026-02,NONE,,a0000001-0000-0000-0000-000000000001,b0000001-0001-0000-0000-000000000003,bc0f7a90-df41-4a86-b2ea-2a1234d0d534,REBILL-2efc999a-283,clean,none,candidate,sbs_unresolved|no_recurring_evidence,""
broad,6863b385-d3b2-4953-a325-4d055c6c9301,f10c70a3-4af4-40e2-968b-7d0ba7bbf9f4,59a138bd-0767-4575-80f2-619baf5911dc,SUB-LINK-MNO95OHK,14e5dd45-55b1-49da-ad5f-20905050a2f9,f0479164-669d-4640-8b76-e5708b39a299,11c9f1b8-0355-4753-bd74-40b42aa53616,7c748940-dcad-4c7c-a92e-76a2344622d3,250.00,BYN,2026-05-07 06:45:24+00,2026-05,2026-04,NONE,,a0000001-0000-0000-0000-000000000001,b0000001-0001-0000-0000-000000000003,,REBILL-6863b385-d3b,clean,none,candidate,sbs_unresolved|no_recurring_evidence,""
broad,c8e812c7-9fa2-4b7b-b109-141be4b2b753,3d41959e-add7-4203-b6f8-ea7207715599,0a6fdacc-f4ca-467d-ba0e-1be2f91eef74,SUB-26-MNOD22HUNZ3N,bc65c4c8-7f08-4f3c-8ffd-e434e1d49dcf,256d6b95-eb3b-4f86-8ffa-18a16c65f527,11c9f1b8-0355-4753-bd74-40b42aa53616,7c748940-dcad-4c7c-a92e-76a2344622d3,250.00,BYN,2026-05-07 08:45:27+00,2026-05,2026-04,NONE,,a0000001-0000-0000-0000-000000000001,b0000001-0001-0000-0000-000000000003,bc0f7a90-df41-4a86-b2ea-2a1234d0d534,REBILL-c8e812c7-9fa,clean,none,candidate,sbs_unresolved|no_recurring_evidence,""
broad,7e1216af-0b40-409b-b1a1-3dcf325f1567,e2931008-5f04-44fd-9646-2da066b8ed6d,ffab8681-d9f6-4c51-94df-c6be18991c26,SUB-26-MMHNG0IH82KC,09327235-1ac5-4c20-ba0c-c7738e02f51c,0739d901-db1d-4d40-8d88-5f829e3594dc,85046734-2282-4ded-b0d3-8c66c8f5bc2b,c5981337-242b-49e8-8c99-64ccf8fac13e,250.00,BYN,2026-05-07 15:01:28+00,2026-05,2026-03,NONE,,a0000001-0000-0000-0000-000000000005,b0000001-0005-0000-0000-000000000003,88c6f10d-a0c6-47f3-9d90-980b3a86fe1c,REBILL-7e1216af-0b4,clean,none,candidate,sbs_unresolved|no_recurring_evidence,""
broad,c3490087-c234-4be2-9872-dc2b375bd06a,a3c6304f-aac4-496a-8151-2cbd1e248c7f,495c60b0-cb73-4ea0-be31-e015383c29e0,SUB-26-MNOP8LFR3RV0,1bd93a04-4393-41a7-8bb9-166d587686cc,da3da66c-de57-4c5c-9a7d-46b035f29aee,11c9f1b8-0355-4753-bd74-40b42aa53616,7c748940-dcad-4c7c-a92e-76a2344622d3,250.00,BYN,2026-05-07 15:01:44+00,2026-05,2026-04,NONE,,a0000001-0000-0000-0000-000000000001,b0000001-0001-0000-0000-000000000003,bc0f7a90-df41-4a86-b2ea-2a1234d0d534,REBILL-c3490087-c23,clean,none,candidate,sbs_unresolved|no_recurring_evidence,""
broad,23c27ef1-28ec-4c3b-abdf-54922d458f05,c1b87a3d-4e24-4b2a-a868-9cda41be3bf6,8f7713b8-854b-4b33-b9dc-64ff74594d00,SUB-26-MLBD9YKBT7HE,211db641-cf81-45bb-a990-48c0e070daa5,0029edda-c172-4260-8e69-e20e7e251bf2,11c9f1b8-0355-4753-bd74-40b42aa53616,b276d8a5-8e5f-4876-9f99-36f818722d6c,150.00,BYN,2026-05-07 21:15:32+00,2026-05,2026-02,NONE,,a0000001-0000-0000-0000-000000000001,b0000001-0001-0000-0000-000000000003,c5781abf-0376-4e1f-91dc-99773906ee77,REBILL-23c27ef1-28e,clean,none,candidate,sbs_unresolved|no_recurring_evidence,""
broad,3f90a44b-af0d-443a-8191-1fa249c4a195,8fbb7617-bc17-4709-900a-56b7d6e5321c,4b1f3e9d-b96f-4a5c-975c-779ba5976908,SUB-26-MLBFH0MXO4KI,f1ea9093-9297-41ac-a44a-cd0cb2602517,d80e20b1-a5c3-478b-8fb3-1a5f0435b71b,11c9f1b8-0355-4753-bd74-40b42aa53616,7c748940-dcad-4c7c-a92e-76a2344622d3,250.00,BYN,2026-05-07 22:15:24+00,2026-05,2026-02,NONE,,a0000001-0000-0000-0000-000000000001,b0000001-0001-0000-0000-000000000003,bc0f7a90-df41-4a86-b2ea-2a1234d0d534,REBILL-3f90a44b-af0,clean,none,candidate,sbs_unresolved|no_recurring_evidence,""
broad,10fa237e-991c-4679-a55a-a5362bc9a629,a3daecb6-fd14-4154-906d-913969c47ee4,2c47477f-83f6-4baf-b75d-b43480bc3e1b,SUB-26-MMISTFEI4YQY,3f04b50f-db04-4216-a309-be83377a9f2f,708474c9-281a-4747-8f1b-d0cce3a5cfb1,11c9f1b8-0355-4753-bd74-40b42aa53616,b276d8a5-8e5f-4876-9f99-36f818722d6c,150.00,BYN,2026-05-08 06:45:43+00,2026-05,2026-03,NONE,,a0000001-0000-0000-0000-000000000001,b0000001-0001-0000-0000-000000000003,c5781abf-0376-4e1f-91dc-99773906ee77,REBILL-10fa237e-991,clean,none,candidate,sbs_unresolved|no_recurring_evidence,""
broad,b458870d-cfad-4828-8e2a-d5e0b8cb5e5c,a4872944-b2a8-41b5-92bd-e55f84ddc18a,6611441c-0bcf-45e7-85e6-46d11d6d5db3,SUB-LINK-MMIZ52FC,6b0e0451-c01b-4cd9-8fc4-dd7e83fd5c65,82ffd5ca-70fb-4551-bc9f-eb0f235773ca,11c9f1b8-0355-4753-bd74-40b42aa53616,7c748940-dcad-4c7c-a92e-76a2344622d3,250.00,BYN,2026-05-08 09:31:25+00,2026-05,2026-03,NONE,,a0000001-0000-0000-0000-000000000001,b0000001-0001-0000-0000-000000000004,,REBILL-b458870d-cfa,clean,none,candidate,sbs_unresolved|no_recurring_evidence,""
broad,c796d2d6-fcb5-4f63-8931-8455ca298d28,aec5e958-ebbc-4245-af02-9d1e693b3397,1248c17d-38bb-483c-bf33-204acf5da0e8,SUB-LINK-MMJ72W7T,80afcb07-3d07-40b8-aff7-c17e179e39f5,0784a581-c4d6-409c-a1e6-631cd18dd3a1,11c9f1b8-0355-4753-bd74-40b42aa53616,31f75673-a7ae-420a-b5ab-5906e34cbf84,100.00,BYN,2026-05-08 13:15:21+00,2026-05,2026-03,NONE,,a0000001-0000-0000-0000-000000000001,b0000001-0001-0000-0000-000000000003,,REBILL-c796d2d6-fcb,clean,none,candidate,sbs_unresolved|no_recurring_evidence,""
broad,c88f8537-988e-4c41-96b7-b2643823f0f3,8dfd0256-a681-49fa-a9a7-ee79bec2e8ea,654d6ec2-0c9e-489b-9c3d-6d51210e3f4a,SUB-LINK-MMK7C0D2,4870dfc5-6609-4e0c-96a9-20fbd2d05928,38236a0f-9e4a-41e5-b49d-1ad87b35b2cb,11c9f1b8-0355-4753-bd74-40b42aa53616,7c748940-dcad-4c7c-a92e-76a2344622d3,250.00,BYN,2026-05-09 08:15:48+00,2026-05,2026-03,NONE,,a0000001-0000-0000-0000-000000000001,b0000001-0001-0000-0000-000000000003,,REBILL-c88f8537-988,clean,none,candidate,sbs_unresolved|no_recurring_evidence,""
broad,ec28edf4-cf85-4c6f-82f5-59e985080445,1bcab330-5a80-4189-a479-6f3de97f1011,d27fb304-4d96-4c4e-83a2-fcc307d08031,SUB-LINK-MMLMRNMZ,a8b321b2-779b-42b8-a8d4-bde8ecba7dac,ebc0fecc-5b12-40b1-9d0b-43f2f432a64b,11c9f1b8-0355-4753-bd74-40b42aa53616,7c748940-dcad-4c7c-a92e-76a2344622d3,250.00,BYN,2026-05-10 10:45:33+00,2026-05,2026-03,NONE,,a0000001-0000-0000-0000-000000000001,b0000001-0001-0000-0000-000000000003,,REBILL-ec28edf4-cf8,clean,none,candidate,sbs_unresolved|no_recurring_evidence,""
broad,be0621d0-e536-4180-9ca0-c322a82f4320,e60433e3-72d5-431e-8e5e-a90060b050ec,66c5720b-6b2d-42d6-8fe0-bdf5119a06e7,SUB-26-MMM4H1RH81OZ,6ae5cc6e-81f5-4920-bdf6-805eb700de12,3fcc31f8-2159-4113-9bd3-7371fd96e462,85046734-2282-4ded-b0d3-8c66c8f5bc2b,c5981337-242b-49e8-8c99-64ccf8fac13e,250.00,BYN,2026-05-10 14:31:17+00,2026-05,2026-03,NONE,,a0000001-0000-0000-0000-000000000005,b0000001-0005-0000-0000-000000000003,88c6f10d-a0c6-47f3-9d90-980b3a86fe1c,REBILL-be0621d0-e53,clean,none,candidate,sbs_unresolved|no_recurring_evidence,""
broad,a154044c-2bd0-4c1c-b1e3-e9bab8148cba,eb03e1e6-0f9d-40fa-b1fb-76cb64d860f7,edb760eb-dfef-4a61-a636-e7cb396cff5d,SUB-26-MLFBFLB0BJ5F,014f5822-01e2-42ec-aee1-df1c80d1ba18,32b6405f-b7a3-4717-aaf8-feb23eab5cd9,11c9f1b8-0355-4753-bd74-40b42aa53616,7c748940-dcad-4c7c-a92e-76a2344622d3,250.00,BYN,2026-05-10 15:30:21+00,2026-05,2026-02,NONE,,a0000001-0000-0000-0000-000000000001,b0000001-0001-0000-0000-000000000003,bc0f7a90-df41-4a86-b2ea-2a1234d0d534,REBILL-a154044c-2bd,clean,none,candidate,sbs_unresolved|no_recurring_evidence,""
broad,0c3f19e8-3209-45e9-91d0-200ec5fc874b,a151abe6-76e4-4e85-af17-af41a2ee3514,17181a8c-8de6-405f-a100-db5af4f5e08b,SUB-26-MNUMY7HBD2DT,94dd8f18-fd9b-4f06-ab57-c759f1c59a3e,d573cb6d-0b8e-4346-b61c-f64f8a05a950,11c9f1b8-0355-4753-bd74-40b42aa53616,b276d8a5-8e5f-4876-9f99-36f818722d6c,150.00,BYN,2026-05-11 18:00:23+00,2026-05,2026-04,NONE,,a0000001-0000-0000-0000-000000000001,b0000001-0001-0000-0000-000000000003,c5781abf-0376-4e1f-91dc-99773906ee77,REBILL-0c3f19e8-320,clean,none,candidate,sbs_unresolved|no_recurring_evidence,""
broad,d5baaafd-7d37-4026-862d-1bc14541d9cf,5b6fbce6-76ac-4811-b0e5-51d35a3e4031,cb93d2b0-8b2e-4f77-af55-b772943fc350,SUB-26-MLHRIW9R1WQ8,7e1405d4-4f6b-48a6-bb01-0013ad941261,f71b1895-32c8-4eba-b770-3ec44d0874f1,11c9f1b8-0355-4753-bd74-40b42aa53616,7c748940-dcad-4c7c-a92e-76a2344622d3,250.00,BYN,2026-05-12 08:30:22+00,2026-05,2026-02,NONE,,a0000001-0000-0000-0000-000000000001,b0000001-0001-0000-0000-000000000003,bc0f7a90-df41-4a86-b2ea-2a1234d0d534,REBILL-d5baaafd-7d3,clean,none,candidate,sbs_unresolved|no_recurring_evidence,""
broad,8d60ae2d-685e-4961-8755-410815ac98d5,3d4b25e5-25e6-44ac-ab09-e15ec87bf0fb,dec24376-5740-461e-96b7-caad3473ee6f,SUB-26-MLHT0UNCS2V6,c85b6814-1f14-49c9-8e68-12a76514b239,f2a0a734-9291-469c-94cb-f23c82b9b338,11c9f1b8-0355-4753-bd74-40b42aa53616,7c748940-dcad-4c7c-a92e-76a2344622d3,250.00,BYN,2026-05-12 09:15:42+00,2026-05,2026-02,NONE,,a0000001-0000-0000-0000-000000000001,b0000001-0001-0000-0000-000000000003,bc0f7a90-df41-4a86-b2ea-2a1234d0d534,REBILL-8d60ae2d-685,clean,none,candidate,sbs_unresolved|no_recurring_evidence,""
broad,46d76890-d1e2-4844-8728-b62d560d3cd8,268d27b1-5f3e-4011-85f5-b667da42f515,09e73f9b-6618-4d4d-b4ec-0577f5fdffbf,SUB-26-MNW5U5EE9MZA,d4ee0786-2880-41c5-964c-7446aa498b3e,90dd255a-bb1e-4194-a369-fc08dd3737ab,11c9f1b8-0355-4753-bd74-40b42aa53616,31f75673-a7ae-420a-b5ab-5906e34cbf84,100.00,BYN,2026-05-12 19:45:20+00,2026-05,2026-04,NONE,,a0000001-0000-0000-0000-000000000001,b0000001-0001-0000-0000-000000000003,6f306cbc-24e8-4589-b6f3-2dca9e4d0c8e,REBILL-46d76890-d1e,clean,none,candidate,sbs_unresolved|no_recurring_evidence,""
broad,a2787529-9632-44ba-9fdc-44c3421a354a,60ef5406-94a6-4899-9c15-de6698c8e476,b21de253-eb64-4b2f-b2be-e71fa08619e7,SUB-LINK-MMPB5EHZ,f437c04e-6901-4be7-ba30-9397c0bcc9be,004adbd5-2422-4219-9be6-369edf03672b,11c9f1b8-0355-4753-bd74-40b42aa53616,7c748940-dcad-4c7c-a92e-76a2344622d3,250.00,BYN,2026-05-12 20:00:47+00,2026-05,2026-03,NONE,,a0000001-0000-0000-0000-000000000001,b0000001-0001-0000-0000-000000000003,,REBILL-a2787529-963,clean,none,candidate,sbs_unresolved|no_recurring_evidence,""
broad,b26c7149-6913-4df6-9525-5d2970ac46a8,91538e9e-1a8c-4603-85ba-34e8302c33f8,8f11d65c-1299-4d4d-988c-2b5816e726db,SUB-26-MNWAPWJVFWND,5c6e6e0f-7b19-4ebf-957c-fa491c7e52cb,f18d750e-16e9-4a44-b9f7-bbd9a4287cd9,85046734-2282-4ded-b0d3-8c66c8f5bc2b,c5981337-242b-49e8-8c99-64ccf8fac13e,250.00,BYN,2026-05-12 22:00:43+00,2026-05,2026-04,NONE,,a0000001-0000-0000-0000-000000000005,b0000001-0005-0000-0000-000000000003,88c6f10d-a0c6-47f3-9d90-980b3a86fe1c,REBILL-b26c7149-691,clean,none,candidate,sbs_unresolved|no_recurring_evidence,""
broad,baf9c900-7e4e-4c5e-a53b-d0b4dedf1bc7,70358a38-52ea-41bc-adad-4aa05a55ad07,b21de253-eb64-4b2f-b2be-e71fa08619e7,SUB-LINK-MMPB5EHZ,f437c04e-6901-4be7-ba30-9397c0bcc9be,004adbd5-2422-4219-9be6-369edf03672b,11c9f1b8-0355-4753-bd74-40b42aa53616,7c748940-dcad-4c7c-a92e-76a2344622d3,250.00,BYN,2026-05-13 03:00:52+00,2026-05,2026-03,NONE,,a0000001-0000-0000-0000-000000000001,b0000001-0001-0000-0000-000000000003,,REBILL-baf9c900-7e4,clean,none,candidate,sbs_unresolved|no_recurring_evidence,""
broad,e81d8eb8-6edb-4950-b148-8e50fdbd1dd4,eaf29162-ce28-4891-9e91-8288464d8cca,8d265327-a101-488a-a0f0-fdce62b1f1ad,SUB-26-MLJ1TDJCA0RV,51f7fd83-c48a-4ff8-8fd2-bf2257c27ec3,e19ea68a-8f04-451c-83d7-db6ae007ccf0,11c9f1b8-0355-4753-bd74-40b42aa53616,b276d8a5-8e5f-4876-9f99-36f818722d6c,150.00,BYN,2026-05-13 06:00:54+00,2026-05,2026-02,NONE,,a0000001-0000-0000-0000-000000000001,b0000001-0001-0000-0000-000000000003,c5781abf-0376-4e1f-91dc-99773906ee77,REBILL-e81d8eb8-6ed,clean,none,candidate,sbs_unresolved|no_recurring_evidence,""
broad,3e3e5d7f-de1b-47bd-a726-fa12294308b9,f72a340a-a417-40ca-8fac-666167e1baa8,80ecb4b6-af0d-41a7-9b6c-8cfbc9cebc10,SUB-LINK-MNX3DMZQ,baacd7a4-a99e-46f8-9de8-58e8990cdcbd,fce4ac35-ba11-4974-ae9f-28cf8c47d4d4,11c9f1b8-0355-4753-bd74-40b42aa53616,7c748940-dcad-4c7c-a92e-76a2344622d3,250.00,BYN,2026-05-13 11:15:15+00,2026-05,2026-04,NONE,,a0000001-0000-0000-0000-000000000001,b0000001-0001-0000-0000-000000000003,,REBILL-3e3e5d7f-de1,clean,none,candidate,sbs_unresolved|no_recurring_evidence,""
broad,51004810-3976-4de2-a7c0-50fee6ca13a8,c072bc10-7824-44f7-99aa-4616d3234c35,80ecb4b6-af0d-41a7-9b6c-8cfbc9cebc10,SUB-LINK-MNX3DMZQ,baacd7a4-a99e-46f8-9de8-58e8990cdcbd,fce4ac35-ba11-4974-ae9f-28cf8c47d4d4,11c9f1b8-0355-4753-bd74-40b42aa53616,7c748940-dcad-4c7c-a92e-76a2344622d3,250.00,BYN,2026-05-14 03:00:37+00,2026-05,2026-04,NONE,,a0000001-0000-0000-0000-000000000001,b0000001-0001-0000-0000-000000000003,,REBILL-51004810-397,clean,none,candidate,sbs_unresolved|no_recurring_evidence,""
broad,a5839265-3fd7-4602-8686-076bc0a965b4,8c3b1975-2362-4b0c-ac0a-7043ecb1c6cd,b21de253-eb64-4b2f-b2be-e71fa08619e7,SUB-LINK-MMPB5EHZ,f437c04e-6901-4be7-ba30-9397c0bcc9be,004adbd5-2422-4219-9be6-369edf03672b,11c9f1b8-0355-4753-bd74-40b42aa53616,7c748940-dcad-4c7c-a92e-76a2344622d3,250.00,BYN,2026-05-14 03:01:10+00,2026-05,2026-03,NONE,,a0000001-0000-0000-0000-000000000001,b0000001-0001-0000-0000-000000000003,,REBILL-a5839265-3fd,clean,none,candidate,sbs_unresolved|no_recurring_evidence,""
broad,5a22133c-94fc-4adf-9ac9-9ed56567be0b,5327466b-d355-4740-8811-394106f26b95,d9eb57ae-5333-41a3-9dd6-7e7f3862320d,SUB-26-MMRMXDM23ZUE,7c53b6af-92d0-4a8d-881f-3fe9de45dffd,01e91e53-664a-49b9-bb7c-ced7033ae4b8,85046734-2282-4ded-b0d3-8c66c8f5bc2b,c5981337-242b-49e8-8c99-64ccf8fac13e,250.00,BYN,2026-05-14 11:01:24+00,2026-05,2026-03,NONE,,a0000001-0000-0000-0000-000000000005,b0000001-0005-0000-0000-000000000003,88c6f10d-a0c6-47f3-9d90-980b3a86fe1c,REBILL-5a22133c-94f,clean,none,candidate,sbs_unresolved|no_recurring_evidence,""
broad,2ed16d0b-e163-4e11-af8e-d2f580590669,9b154c0f-beb4-45f7-bab5-54c3ab168b3f,01ac6a97-0860-49ad-ac60-ff74693a58de,SUB-26-MNYKYF1EUTC0,f08cc354-02c3-4c66-9906-1812e4cc6af3,06cba0f2-1287-4a20-9f3e-7a9cca388dd7,11c9f1b8-0355-4753-bd74-40b42aa53616,b276d8a5-8e5f-4876-9f99-36f818722d6c,150.00,BYN,2026-05-14 12:16:18+00,2026-05,2026-04,NONE,,a0000001-0000-0000-0000-000000000001,b0000001-0001-0000-0000-000000000003,c5781abf-0376-4e1f-91dc-99773906ee77,REBILL-2ed16d0b-e16,clean,none,candidate,sbs_unresolved|no_recurring_evidence,""
broad,14d419cb-e1ea-4756-ad9c-5996779a0795,bdfc574d-2f3c-4aa1-8376-9c81c7379598,68e2c243-8950-491e-b6d2-bdefd1e8d506,SUB-LINK-MMU8KF07,78123ed5-3a00-4982-87cf-72de6c0cdb8c,3d4a987b-60d3-456b-8eb1-ecc2baa71ab4,11c9f1b8-0355-4753-bd74-40b42aa53616,7c748940-dcad-4c7c-a92e-76a2344622d3,250.00,BYN,2026-05-16 06:45:45.805+00,2026-05,2026-03,payment_meta.bepaid_subscription_id,sbs_70f8efb8949a490c,a0000001-0000-0000-0000-000000000001,b0000001-0001-0000-0000-000000000003,,REBILL-14d419cb-e1e,clean,none,candidate,"","meta.bepaid_subscription_id,meta.source=link_order_subscription_webhook,sbs=payment_meta.bepaid_subscription_id"
broad,731b5d67-0339-4c0f-9b8b-00c9698ea628,96e4d31e-15a2-4c80-95d9-8a25605b7852,2145b072-f2eb-490c-8b0f-955cd2a868a8,SUB-26-MLNJYLSA16GX,7490e1cf-8522-4850-b0d6-c9a8f0348c68,bd01abc5-c290-44be-9c51-052b2eaa8c25,11c9f1b8-0355-4753-bd74-40b42aa53616,7c748940-dcad-4c7c-a92e-76a2344622d3,250.00,BYN,2026-05-16 09:45:21.475+00,2026-05,2026-02,payment_meta.bepaid_subscription_id,sbs_6916022add81b22e,a0000001-0000-0000-0000-000000000001,b0000001-0001-0000-0000-000000000003,bc0f7a90-df41-4a86-b2ea-2a1234d0d534,REBILL-731b5d67-033,clean,none,candidate,"","meta.bepaid_subscription_id,sbs=payment_meta.bepaid_subscription_id"
broad,7305bf8e-f7e8-4440-8190-4a2a978e8847,20c533bd-275a-43a9-9ea3-579e59ca4b55,fb069a23-5e06-4c78-ac46-951900fa59ce,SUB-LINK-MLNXIPAA,f4dba33b-6afb-4360-a7ee-a94f58858ae2,f0a4fcda-d361-4e2f-bbf4-1b0f41b063dd,11c9f1b8-0355-4753-bd74-40b42aa53616,31f75673-a7ae-420a-b5ab-5906e34cbf84,55.00,BYN,2026-05-16 16:15:32.322+00,2026-05,2026-02,payment_meta.bepaid_subscription_id,sbs_937389c41f7daaa7,a0000001-0000-0000-0000-000000000001,b0000001-0001-0000-0000-000000000003,,REBILL-7305bf8e-f7e,clean,none,candidate,"","meta.bepaid_subscription_id,sbs=payment_meta.bepaid_subscription_id"
broad,5fc22e49-9e15-430a-a7a2-c5a0d12084a6,0baeaac6-c7b3-40bb-8c40-ceee7070b2fe,efe58870-e539-4e76-874a-9e5b03a66ae3,SUB-LINK-MLNYCZPF,ddcb6288-caed-44b6-819a-925956676a27,92d6f62c-3750-4141-812a-0a80bf1d840d,11c9f1b8-0355-4753-bd74-40b42aa53616,7c748940-dcad-4c7c-a92e-76a2344622d3,250.00,BYN,2026-05-16 16:31:05.282+00,2026-05,2026-03,payment_meta.bepaid_subscription_id,sbs_88d5b971d22e57dd,a0000001-0000-0000-0000-000000000001,b0000001-0001-0000-0000-000000000003,,REBILL-5fc22e49-9e1,clean,none,candidate,"","meta.bepaid_subscription_id,meta.source=link_order_subscription_webhook,sbs=payment_meta.bepaid_subscription_id"
