payment_id,provider_payment_id,parent_order_id,parent_order_number,user_id,product_id,tariff_id,parent_offer_id,pipeline_id,pipeline_stage_id,sbs_resolved,amount,currency,paid_at,payment_month,parent_order_month,rn_in_parent,non_refund_succ,sot_recurring,payment_has_sbs,parent_flow_recurring,sub_linked_by_order,sub_active_autorenew,expected_rebill_order_number,guard_status_v2
8c78c039-7c22-46b5-a47e-f3067aef9007,0e613a76-4e7b-4b18-9120-ad3a40b02104,efe58870-e539-4e76-874a-9e5b03a66ae3,SUB-LINK-MLNYCZPF,ddcb6288-caed-44b6-819a-925956676a27,11c9f1b8-0355-4753-bd74-40b42aa53616,7c748940-dcad-4c7c-a92e-76a2344622d3,,a0000001-0000-0000-0000-000000000001,b0000001-0001-0000-0000-000000000003,sbs_88d5b971d22e57dd,250.00,BYN,2026-03-17 16:30:26+00,2026-03,2026-02,1,2,t,f,t,t,t,REBILL-8c78c039-7c2,green
66871b07-5d99-4146-99bf-ba24770b30b9,bb2cef4a-fded-474b-a6d6-45aefbeea6e3,a32338b0-8180-4d12-ad89-5771a6fcfa59,SUB-26-MLQHNWJMW2CN,8b5bc345-96d6-4991-a83b-a26f4601a156,11c9f1b8-0355-4753-bd74-40b42aa53616,7c748940-dcad-4c7c-a92e-76a2344622d3,bc0f7a90-df41-4a86-b2ea-2a1234d0d534,a0000001-0000-0000-0000-000000000001,b0000001-0001-0000-0000-000000000003,sbs_562281c24ba2b0ff,250.00,BYN,2026-03-21 03:01:01+00,2026-03,2026-02,2,2,t,f,t,t,t,REBILL-66871b07-5d9,green
ffb88444-c5dc-47dd-af0d-1dfe8a5d897a,c8ade1b3-1cd5-4119-ad5a-fe232756f2da,6611441c-0bcf-45e7-85e6-46d11d6d5db3,SUB-LINK-MMIZ52FC,6b0e0451-c01b-4cd9-8fc4-dd7e83fd5c65,11c9f1b8-0355-4753-bd74-40b42aa53616,7c748940-dcad-4c7c-a92e-76a2344622d3,,a0000001-0000-0000-0000-000000000001,b0000001-0001-0000-0000-000000000004,sbs_b5c5ea6a57413c72,250.00,BYN,2026-04-10 03:00:49+00,2026-04,2026-03,2,3,t,f,f,t,t,REBILL-ffb88444-c5d,green
b9d946d4-e775-40e8-b5b7-f606d2e71642,8ab7d0a1-dd67-4188-ad8e-02cfaff7cc68,8e23720c-c5ff-41a7-8daa-09eb767fddc0,SUB-26-MNAI4HKZXJMB,f32ff3d9-7411-49da-969a-da8451044351,11c9f1b8-0355-4753-bd74-40b42aa53616,31f75673-a7ae-420a-b5ab-5906e34cbf84,6f306cbc-24e8-4589-b6f3-2dca9e4d0c8e,a0000001-0000-0000-0000-000000000001,b0000001-0001-0000-0000-000000000003,sbs_4ac6e17bc65e73ff,100.00,BYN,2026-04-27 16:01:00+00,2026-04,2026-03,2,2,t,f,t,t,t,REBILL-b9d946d4-e77,green
a83352c2-7703-4c05-b639-4d994b8231c4,8f22a0c4-6c4e-444b-88b5-06b154384f99,ce568c9e-dcf4-4a56-a574-83afb158ea5f,SUB-LINK-MMADP5ZB,97df997b-6fa0-4939-a3a6-91a34b1c002b,11c9f1b8-0355-4753-bd74-40b42aa53616,7c748940-dcad-4c7c-a92e-76a2344622d3,,a0000001-0000-0000-0000-000000000001,b0000001-0001-0000-0000-000000000003,sbs_c0063b8f637a876b,250.00,BYN,2026-05-02 09:15:10+00,2026-05,2026-03,2,2,t,f,f,f,t,REBILL-a83352c2-770,green
5a112ac0-eac2-4e9f-b25d-ce81af8cf41d,fca38cc5-e929-4906-9ca5-a83190fcdbe4,781666a7-5e19-4c42-a889-3f81e8a5a935,SUB-LINK-MNHH3SQH,8d974225-b89c-4a97-9ce3-9b0c4041ea5d,85046734-2282-4ded-b0d3-8c66c8f5bc2b,c5981337-242b-49e8-8c99-64ccf8fac13e,,a0000001-0000-0000-0000-000000000005,b0000001-0005-0000-0000-000000000003,sbs_d0ada3597d25c870,250.00,BYN,2026-05-02 13:00:56+00,2026-05,2026-04,2,2,t,f,f,f,t,REBILL-5a112ac0-eac,green
0e713a34-9e7f-42fb-be8f-9861fbbf3bd8,f76b8c76-2b0e-4275-8abb-2aec437c2329,2e0b6eaa-da53-4f9c-98fb-2a1bb2d366b4,SUB-LINK-MNHH6TU2,1409fd0e-23fb-44fb-a6af-11778a53a94f,11c9f1b8-0355-4753-bd74-40b42aa53616,7c748940-dcad-4c7c-a92e-76a2344622d3,,a0000001-0000-0000-0000-000000000001,b0000001-0001-0000-0000-000000000003,sbs_f018657539d76377,250.00,BYN,2026-05-02 13:15:25+00,2026-05,2026-04,2,2,t,f,f,t,t,REBILL-0e713a34-9e7,green
76eaa1d1-6705-424e-894d-2c8de81dfde7,22b52a8a-e847-4f3c-aea1-a78c12536a0e,c75fa75c-2856-46f4-be50-881b2dc4a0d9,SUB-26-MMAWIO73NU51,ec3cd5a2-16e0-4905-9e6f-b22e5268927b,85046734-2282-4ded-b0d3-8c66c8f5bc2b,c5981337-242b-49e8-8c99-64ccf8fac13e,88c6f10d-a0c6-47f3-9d90-980b3a86fe1c,a0000001-0000-0000-0000-000000000005,b0000001-0005-0000-0000-000000000003,sbs_59c6b733ed928415,250.00,BYN,2026-05-02 18:00:46+00,2026-05,2026-03,2,2,t,f,t,t,t,REBILL-76eaa1d1-670,green
479c6df9-fcd7-4813-80a7-70cd55f3f8a0,ee98e5a4-9452-4dc5-a1cd-ec6de014fd19,a0918512-cb43-4652-8a40-3cc284f0f686,SUB-26-MMBLYVOS3KAC,6164fa9e-36cc-4477-b882-4612a8f90379,11c9f1b8-0355-4753-bd74-40b42aa53616,7c748940-dcad-4c7c-a92e-76a2344622d3,bc0f7a90-df41-4a86-b2ea-2a1234d0d534,a0000001-0000-0000-0000-000000000001,b0000001-0001-0000-0000-000000000003,sbs_cd3210b648f0bb2a,250.00,BYN,2026-05-03 05:45:10+00,2026-05,2026-03,2,2,t,f,t,t,t,REBILL-479c6df9-fcd,green
a3737a29-9d8a-4eea-88d4-f52d4b676073,64accff3-2e44-4ed0-9ccb-f4e4f45fc95c,3c0bc1e1-fd95-4105-b3a9-a19b599bdbb0,SUB-LINK-MMBMO4LL,961ac34c-75b4-47e6-b8f9-002ec87247ed,11c9f1b8-0355-4753-bd74-40b42aa53616,7c748940-dcad-4c7c-a92e-76a2344622d3,,a0000001-0000-0000-0000-000000000001,b0000001-0001-0000-0000-000000000003,sbs_b5ad90f2966bc1c4,250.00,BYN,2026-05-03 06:45:15+00,2026-05,2026-03,2,2,t,f,f,f,t,REBILL-a3737a29-9d8,green
1f92a138-6a20-461b-8378-c5b8db7b4cc5,a752f367-ddcc-4508-8405-f680250b9feb,e4c429ed-9745-4e41-9a84-5131a3f65888,SUB-LINK-MMBNQHVI,8c3b6be5-dfdd-486a-9352-61a3145d7ee1,85046734-2282-4ded-b0d3-8c66c8f5bc2b,c5981337-242b-49e8-8c99-64ccf8fac13e,,a0000001-0000-0000-0000-000000000005,b0000001-0005-0000-0000-000000000003,sbs_76f63b3790b9577a,250.00,BYN,2026-05-03 07:00:13+00,2026-05,2026-03,2,2,t,f,f,f,t,REBILL-1f92a138-6a2,green
ef22adef-b995-46fc-8981-af9d9207e63f,48ac648e-6045-453e-989b-e8ceee00dbaf,6f1a3af9-c8bc-4661-ba7e-2ae8b3005c6a,SUB-LINK-MNIQ1XGN,4a94ab96-4a10-48ef-9e7b-3737e9430dbc,85046734-2282-4ded-b0d3-8c66c8f5bc2b,c5981337-242b-49e8-8c99-64ccf8fac13e,,a0000001-0000-0000-0000-000000000005,b0000001-0005-0000-0000-000000000003,sbs_5fb72e5b0d76a9e2,250.00,BYN,2026-05-03 10:15:10+00,2026-05,2026-04,2,2,t,f,f,f,t,REBILL-ef22adef-b99,green
5d351438-1d0c-4772-8b40-eef373444b12,ae6387aa-c907-441d-a6c3-26637c6cb4c4,4eaa9e40-f9dd-4b2d-a7ad-3639fdec3b62,SUB-LINK-MNIQS4P0,648b6efd-30f8-4dd0-b041-3629b00e9669,85046734-2282-4ded-b0d3-8c66c8f5bc2b,c5981337-242b-49e8-8c99-64ccf8fac13e,,a0000001-0000-0000-0000-000000000005,b0000001-0005-0000-0000-000000000003,sbs_3980a81092162386,250.00,BYN,2026-05-03 10:15:13+00,2026-05,2026-04,2,2,t,f,f,f,t,REBILL-5d351438-1d0,green
927b948e-e24f-4b76-b9ca-4ac7f764a3d8,1fbc88e7-3c3a-491b-8d5b-75f5fd5726b2,8b806a34-a375-4c3e-a60b-0f4235c1f59c,SUB-LINK-MNIT7JUV,d8127155-5ed3-42df-ac10-e4348b5ff641,11c9f1b8-0355-4753-bd74-40b42aa53616,7c748940-dcad-4c7c-a92e-76a2344622d3,,a0000001-0000-0000-0000-000000000001,b0000001-0001-0000-0000-000000000003,sbs_a70a10612c3642ec,250.00,BYN,2026-05-03 11:30:09+00,2026-05,2026-04,2,2,t,f,f,f,t,REBILL-927b948e-e24,green
02e332de-3cfb-441a-95a0-7e2b3079f64a,a3237ab8-741f-46a3-bf35-87fbecec33d6,6395d6e5-cce6-4f13-a6b8-5ee232027e3a,SUB-LINK-MNIT8568,d8127155-5ed3-42df-ac10-e4348b5ff641,85046734-2282-4ded-b0d3-8c66c8f5bc2b,c5981337-242b-49e8-8c99-64ccf8fac13e,,a0000001-0000-0000-0000-000000000005,b0000001-0005-0000-0000-000000000003,sbs_2bce873cd4918dba,250.00,BYN,2026-05-03 11:30:11+00,2026-05,2026-04,2,2,t,f,f,f,t,REBILL-02e332de-3cf,green
fb2a205f-0216-4e7f-9bbb-fae060e0c9f4,5b022bc3-4e5a-4690-87a0-7cdf97bc3b9c,e43eb4f3-31fc-4790-9184-c3bdd76e8281,SUB-LINK-MNIT5WBT,f437c04e-6901-4be7-ba30-9397c0bcc9be,85046734-2282-4ded-b0d3-8c66c8f5bc2b,c5981337-242b-49e8-8c99-64ccf8fac13e,,a0000001-0000-0000-0000-000000000005,b0000001-0005-0000-0000-000000000003,sbs_fbe81d95dece5118,250.00,BYN,2026-05-03 11:45:12+00,2026-05,2026-04,2,2,t,f,f,f,t,REBILL-fb2a205f-021,green
13dc890c-bc24-49c7-9b48-17e17dc65909,39736054-2959-4069-ba60-1b106a9a1225,c99cc1fc-db72-4d61-96af-a0b9c8454062,SUB-LINK-MNITPK32,78123ed5-3a00-4982-87cf-72de6c0cdb8c,85046734-2282-4ded-b0d3-8c66c8f5bc2b,c5981337-242b-49e8-8c99-64ccf8fac13e,,a0000001-0000-0000-0000-000000000005,b0000001-0005-0000-0000-000000000003,sbs_b8c8171ba1003863,250.00,BYN,2026-05-03 11:45:13+00,2026-05,2026-04,2,2,t,f,f,f,t,REBILL-13dc890c-bc2,green
1efeb42e-e7f0-40af-9cca-1d80de32a1b6,b159776a-dc74-43bb-b4b4-82793d3536e4,917f4923-9c79-4b99-a9d8-40982c1dc691,SUB-LINK-MMBY8ZVC,41b83bf6-4b48-414a-9889-4880df9af265,11c9f1b8-0355-4753-bd74-40b42aa53616,7c748940-dcad-4c7c-a92e-76a2344622d3,,a0000001-0000-0000-0000-000000000001,b0000001-0001-0000-0000-000000000003,sbs_8f31274410af4aca,250.00,BYN,2026-05-03 12:00:58+00,2026-05,2026-03,2,2,t,f,f,f,t,REBILL-1efeb42e-e7f,green
87c0ce0d-9931-4942-bd2a-bb12fc8f0e6a,ff8db21c-2002-47f6-8944-82790880827d,c03d9a55-f288-499a-a52a-8bc5b34c1c9c,SUB-LINK-MMBY9HMZ,41b83bf6-4b48-414a-9889-4880df9af265,85046734-2282-4ded-b0d3-8c66c8f5bc2b,c5981337-242b-49e8-8c99-64ccf8fac13e,,a0000001-0000-0000-0000-000000000005,b0000001-0005-0000-0000-000000000003,sbs_e56bbb257f021bcf,250.00,BYN,2026-05-03 12:01:00+00,2026-05,2026-03,2,2,t,f,f,f,t,REBILL-87c0ce0d-993,green
76d35d73-02ec-4a4c-841f-f8d0262dc759,e34e0756-9e38-48fa-978e-0a197dd7aa50,e33f62d3-d548-448f-b4d1-ee1eb32f22b4,SUB-26-MMC112ZGW57N,856cb856-0aba-4332-83e7-ec9c350930ee,11c9f1b8-0355-4753-bd74-40b42aa53616,31f75673-a7ae-420a-b5ab-5906e34cbf84,6f306cbc-24e8-4589-b6f3-2dca9e4d0c8e,a0000001-0000-0000-0000-000000000001,b0000001-0001-0000-0000-000000000003,sbs_22844aa83eb93781,100.00,BYN,2026-05-03 12:45:08+00,2026-05,2026-03,2,2,t,f,t,t,t,REBILL-76d35d73-02e,green
d1a02d2f-58de-4f65-9668-ba3a674b9146,ae714ea0-3bb0-485b-8334-72976938590b,ad3f55c5-e109-48d3-a489-f8a4691e1834,SUB-LINK-MNIX8ZUF,7d773d71-70de-44e1-899c-cbeaa8686c30,11c9f1b8-0355-4753-bd74-40b42aa53616,7c748940-dcad-4c7c-a92e-76a2344622d3,,a0000001-0000-0000-0000-000000000001,b0000001-0001-0000-0000-000000000003,sbs_6688b8c07114fdf4,250.00,BYN,2026-05-03 13:30:12+00,2026-05,2026-04,2,2,t,f,f,f,t,REBILL-d1a02d2f-58d,green
40ea5d71-4316-474b-beb7-e5d15211c34a,9fac8fda-a5ff-48bc-b4b6-5ae9b5ebd264,dfeb8812-9bad-49ae-b191-3ebd20aaa48a,SUB-LINK-MMC8BJ22,4a94ab96-4a10-48ef-9e7b-3737e9430dbc,11c9f1b8-0355-4753-bd74-40b42aa53616,7c748940-dcad-4c7c-a92e-76a2344622d3,,a0000001-0000-0000-0000-000000000001,b0000001-0001-0000-0000-000000000003,sbs_7ee032b3d706eeb2,250.00,BYN,2026-05-03 17:15:31+00,2026-05,2026-03,2,2,t,f,f,f,t,REBILL-40ea5d71-431,green
0cb02c76-449c-4213-9c76-c031e52cded8,b2d6b17a-3ddd-40ae-9275-90d4fdd8a0c3,281dd3c1-3a72-47be-a855-7f167324d872,SUB-LINK-MNJ11X1A,f0f0d5e1-2ddd-438e-9fae-4d15f912c2a2,11c9f1b8-0355-4753-bd74-40b42aa53616,7c748940-dcad-4c7c-a92e-76a2344622d3,,a0000001-0000-0000-0000-000000000001,b0000001-0001-0000-0000-000000000003,sbs_37b2ca5712ea4e92,250.00,BYN,2026-05-03 19:00:23+00,2026-05,2026-04,2,2,t,f,f,t,t,REBILL-0cb02c76-449,green
b6322606-4de0-4857-bb87-c7dae5adc2bd,bc014c6c-15f7-495a-ae07-b56cd1d98eb0,6d9b7bdb-8d30-4973-9175-ca3913333245,SUB-LINK-MMD24LLZ,8475df88-cb91-453f-a222-308f000f40a8,11c9f1b8-0355-4753-bd74-40b42aa53616,7c748940-dcad-4c7c-a92e-76a2344622d3,,a0000001-0000-0000-0000-000000000001,b0000001-0001-0000-0000-000000000003,sbs_99d28fa0c98c35ae,250.00,BYN,2026-05-04 07:15:25+00,2026-05,2026-03,2,2,t,f,f,f,t,REBILL-b6322606-4de,green
eb548686-1ac9-4ade-a438-e0691bfb71c2,9139ff27-1d07-47ac-a47a-c1261f6d1819,23657631-c2f8-4094-8c0d-38b4d90124aa,SUB-LINK-MMD23P9X,871ac688-88c8-4739-b2eb-51779bd69fed,11c9f1b8-0355-4753-bd74-40b42aa53616,7c748940-dcad-4c7c-a92e-76a2344622d3,,a0000001-0000-0000-0000-000000000001,b0000001-0001-0000-0000-000000000003,sbs_97cfeb1ed1ec3b86,250.00,BYN,2026-05-04 10:15:44+00,2026-05,2026-03,2,2,t,f,f,f,t,REBILL-eb548686-1ac,green
1fb24a9b-c6f9-4368-9dd7-f8dd2ecd33bd,9ed94fa8-9d93-4ed9-b5a6-b25c8544a812,8e7e8803-7754-462d-839c-d99382c250ff,SUB-LINK-MMD5EC9Y,84feb5b9-064b-4bfb-96ce-b3271e85e3a5,11c9f1b8-0355-4753-bd74-40b42aa53616,7c748940-dcad-4c7c-a92e-76a2344622d3,,a0000001-0000-0000-0000-000000000001,b0000001-0001-0000-0000-000000000003,sbs_2dc3c2921bc9f2d0,250.00,BYN,2026-05-04 10:15:45+00,2026-05,2026-03,2,2,t,f,f,f,t,REBILL-1fb24a9b-c6f,green
e325f120-5ed1-498e-88fb-c5749d895a7b,3f039d55-3707-4e48-82a2-bdc871993360,68c216e7-02ab-469a-9c2f-9eb1393ee3d1,SUB-26-MMDUW6P2HJ7F,0d778566-b079-4e62-a5c0-3d9f07ec898e,85046734-2282-4ded-b0d3-8c66c8f5bc2b,c5981337-242b-49e8-8c99-64ccf8fac13e,88c6f10d-a0c6-47f3-9d90-980b3a86fe1c,a0000001-0000-0000-0000-000000000005,b0000001-0005-0000-0000-000000000003,sbs_86380f5fa2dd39fe,250.00,BYN,2026-05-04 19:30:27+00,2026-05,2026-03,2,2,t,f,t,t,t,REBILL-e325f120-5ed,green
d63245a2-e261-4ad2-a192-056076b4734d,0650d843-f7ad-48f3-919d-79aead73c1ba,17a2890e-49c6-43fb-b376-14c98943f1d4,SUB-LINK-MMDXYP4O,eb39c79d-2588-4ab6-b831-7cd2d5a1641d,11c9f1b8-0355-4753-bd74-40b42aa53616,7c748940-dcad-4c7c-a92e-76a2344622d3,,a0000001-0000-0000-0000-000000000001,b0000001-0001-0000-0000-000000000003,sbs_e834a6cb48ba57fa,250.00,BYN,2026-05-04 21:15:31+00,2026-05,2026-03,2,2,t,f,f,t,t,REBILL-d63245a2-e26,green
0db031b3-3ec6-4fce-a306-4c887d480bf3,e62dbf3d-8b84-4870-9f22-d0d39291c91e,45f8d936-c2cf-4deb-b4e0-b4ee566b17f4,SUB-LINK-MMD257T6,6ed48afa-11bb-4169-a0d4-5f8d2fb0ee1f,11c9f1b8-0355-4753-bd74-40b42aa53616,b276d8a5-8e5f-4876-9f99-36f818722d6c,,a0000001-0000-0000-0000-000000000001,b0000001-0001-0000-0000-000000000003,sbs_2999a146adcf3374,150.00,BYN,2026-05-05 03:00:56+00,2026-05,2026-03,2,2,t,f,f,t,t,REBILL-0db031b3-3ec,green
acf914a9-e297-4e69-bd4b-20e328b5d849,2fdc55c4-13cd-4f9b-b3cf-e87410508880,6332ce4e-bb84-48a8-b23f-9433ddc5c660,SUB-LINK-MMEHJM2V,8d974225-b89c-4a97-9ce3-9b0c4041ea5d,11c9f1b8-0355-4753-bd74-40b42aa53616,7c748940-dcad-4c7c-a92e-76a2344622d3,,a0000001-0000-0000-0000-000000000001,b0000001-0001-0000-0000-000000000003,sbs_9d2ffb826f01c216,250.00,BYN,2026-05-05 06:15:33+00,2026-05,2026-03,2,2,t,f,f,t,t,REBILL-acf914a9-e29,green
1c0ccf66-8323-41bf-99cd-8a26ff6318be,cb914f2d-ed10-490d-9ad3-e00f8c8c547e,82673b93-f66c-4248-8685-9c6701b10db8,SUB-LINK-MMEHLH85,010e895e-6407-4ff3-9cb1-86f63f9ced8a,11c9f1b8-0355-4753-bd74-40b42aa53616,31f75673-a7ae-420a-b5ab-5906e34cbf84,,a0000001-0000-0000-0000-000000000001,b0000001-0001-0000-0000-000000000003,sbs_b54f6c263426b782,55.00,BYN,2026-05-05 06:15:35+00,2026-05,2026-03,2,2,t,f,f,t,t,REBILL-1c0ccf66-832,green
f46d1883-9923-4a86-9fae-44a7c369618a,8e75bc70-e174-43e7-aae1-4da6652187de,fafc0b87-473f-4824-9164-5be901940a29,SUB-LINK-MNLEV8FN,038a3667-be23-45fa-9b3e-e92c678e8bde,85046734-2282-4ded-b0d3-8c66c8f5bc2b,c5981337-242b-49e8-8c99-64ccf8fac13e,,a0000001-0000-0000-0000-000000000005,b0000001-0005-0000-0000-000000000003,sbs_401b9fd917d103cb,250.00,BYN,2026-05-05 07:45:15+00,2026-05,2026-04,2,2,t,f,f,t,t,REBILL-f46d1883-992,green
4d152dbd-3f9d-44ee-8143-dfbe74efe6e5,cd62352f-92ec-4b88-b483-37f6d1de9801,6e08d10f-74b9-4c4e-9d33-b512f1572fd4,SUB-LINK-MMEM37EQ,871ac688-88c8-4739-b2eb-51779bd69fed,85046734-2282-4ded-b0d3-8c66c8f5bc2b,c5981337-242b-49e8-8c99-64ccf8fac13e,88c6f10d-a0c6-47f3-9d90-980b3a86fe1c,a0000001-0000-0000-0000-000000000005,b0000001-0005-0000-0000-000000000003,sbs_6747cca080960933,250.00,BYN,2026-05-05 08:15:15+00,2026-05,2026-03,2,2,t,f,f,t,t,REBILL-4d152dbd-3f9,green
fa0cd08d-2320-44ea-8fe6-6aa89accd4fc,15bcf4ba-b285-4c9d-b2b1-07fed45ddd77,f56393e2-69b5-4280-af96-627b776d3342,SUB-26-MMEM0PJXE7O2,300cafe6-6555-48ee-8b57-66d4f24ef51d,85046734-2282-4ded-b0d3-8c66c8f5bc2b,c5981337-242b-49e8-8c99-64ccf8fac13e,88c6f10d-a0c6-47f3-9d90-980b3a86fe1c,a0000001-0000-0000-0000-000000000005,b0000001-0005-0000-0000-000000000003,sbs_71b03db1cbec482a,250.00,BYN,2026-05-05 08:15:35+00,2026-05,2026-03,2,2,t,f,t,t,t,REBILL-fa0cd08d-232,green
04f41bf8-fb30-423e-a749-4e55d35245aa,283107bc-b5d2-4d1b-b70a-ac807b826099,2109028f-6764-48c9-a6d1-feb70c4d8c60,SUB-LINK-MNLQXVN4,a8b321b2-779b-42b8-a8d4-bde8ecba7dac,85046734-2282-4ded-b0d3-8c66c8f5bc2b,c5981337-242b-49e8-8c99-64ccf8fac13e,,a0000001-0000-0000-0000-000000000005,b0000001-0005-0000-0000-000000000003,sbs_ab787ca18e126b64,250.00,BYN,2026-05-05 12:45:39+00,2026-05,2026-04,2,2,t,f,f,t,t,REBILL-04f41bf8-fb3,green
010f217e-032c-4d3f-a0e6-39a7a18c24e0,204ccd99-975c-4585-8c87-a198ddc27d67,b0b9e34a-d59c-45dd-bbd7-28102f6f742e,SUB-LINK-MMEHK9C6,bb724225-9c79-4e87-a305-3d015bf3bbf8,11c9f1b8-0355-4753-bd74-40b42aa53616,7c748940-dcad-4c7c-a92e-76a2344622d3,,a0000001-0000-0000-0000-000000000001,b0000001-0001-0000-0000-000000000003,sbs_f874f468f78734df,250.00,BYN,2026-05-06 02:45:25+00,2026-05,2026-03,2,2,t,f,f,t,t,REBILL-010f217e-032,green
552f793b-e555-407d-b166-f6aa366eb3f7,b4de0e70-d421-4734-b2e6-6677348abb5b,0ecf5b2f-0eb4-4d3e-8cc1-8429168e3f3c,SUB-26-MNMOZOP4O7ZM,b49a7004-e42b-4238-9620-99285802d78f,11c9f1b8-0355-4753-bd74-40b42aa53616,7c748940-dcad-4c7c-a92e-76a2344622d3,bc0f7a90-df41-4a86-b2ea-2a1234d0d534,a0000001-0000-0000-0000-000000000001,b0000001-0001-0000-0000-000000000003,sbs_c49c426ec18a8f97,250.00,BYN,2026-05-06 04:45:27+00,2026-05,2026-04,2,2,t,f,t,t,t,REBILL-552f793b-e55,green
c4f72edf-1326-409c-8d4e-8c184c11c714,1c113c08-f594-4099-b1ba-f9c1c60cbf26,a95a5c11-6fe2-40c8-9c25-5d64f71bbf09,SUB-LINK-MNMV2JIC,31f317b3-888d-4e26-9326-cf76584f81fd,85046734-2282-4ded-b0d3-8c66c8f5bc2b,c5981337-242b-49e8-8c99-64ccf8fac13e,,a0000001-0000-0000-0000-000000000005,b0000001-0005-0000-0000-000000000003,sbs_9a6a73794d723013,250.00,BYN,2026-05-06 07:30:35+00,2026-05,2026-04,2,2,t,f,f,t,t,REBILL-c4f72edf-132,green
04cf5517-0040-45f3-81f1-f1a7544582eb,d04b75af-92fa-4fed-8183-0a15d8342753,0c708719-a2b2-49d9-9978-827e35be92b9,SUB-26-ML9510V7GVSJ,267cae5c-ea25-45f6-bef2-d739a5a8d13f,11c9f1b8-0355-4753-bd74-40b42aa53616,7c748940-dcad-4c7c-a92e-76a2344622d3,bc0f7a90-df41-4a86-b2ea-2a1234d0d534,a0000001-0000-0000-0000-000000000001,b0000001-0001-0000-0000-000000000003,sbs_2e18ba3d792607c0,250.00,BYN,2026-05-06 07:45:23+00,2026-05,2026-02,2,2,t,f,t,t,t,REBILL-04cf5517-004,green
0186fe10-8a56-4e22-8a0c-388621539506,2e9dfdb3-1a85-4433-834a-9aa6c5b6ba34,9aa8d6b6-a61f-428c-83aa-fda7dde866b0,SUB-26-MNMXW6WYORJ7,df411c24-015e-4eea-950b-1282d33efc4f,11c9f1b8-0355-4753-bd74-40b42aa53616,7c748940-dcad-4c7c-a92e-76a2344622d3,bc0f7a90-df41-4a86-b2ea-2a1234d0d534,a0000001-0000-0000-0000-000000000001,b0000001-0001-0000-0000-000000000003,sbs_f8cf5d66073a067c,250.00,BYN,2026-05-06 08:45:26+00,2026-05,2026-04,2,2,t,f,t,t,t,REBILL-0186fe10-8a5,green
beba83c3-daaf-4d9a-b918-6ffc775de841,8703e82b-5475-4785-b897-5af866ac46e1,78a7c35e-c9c9-49b9-99bd-20feb8a0db8b,SUB-26-ML99852YVPF5,b49a7004-e42b-4238-9620-99285802d78f,85046734-2282-4ded-b0d3-8c66c8f5bc2b,c5981337-242b-49e8-8c99-64ccf8fac13e,88c6f10d-a0c6-47f3-9d90-980b3a86fe1c,a0000001-0000-0000-0000-000000000005,b0000001-0005-0000-0000-000000000003,sbs_ce1b8b7e2bdd705d,250.00,BYN,2026-05-06 09:30:49+00,2026-05,2026-02,2,2,t,f,t,t,t,REBILL-beba83c3-daa,green
c90978b4-ec64-4102-af92-04e89531cc9d,b6fbe2d3-3814-4434-b04a-99a2d8c7e93e,6148928b-b7a4-4589-867b-819be4b57b0a,SUB-LINK-MNN5JVZF,def0faba-02ca-4bec-b8cb-9a2b2eab74d1,85046734-2282-4ded-b0d3-8c66c8f5bc2b,c5981337-242b-49e8-8c99-64ccf8fac13e,,a0000001-0000-0000-0000-000000000005,b0000001-0005-0000-0000-000000000003,sbs_d3fd50880ed7ab4e,250.00,BYN,2026-05-06 12:30:58+00,2026-05,2026-04,2,2,t,f,f,t,t,REBILL-c90978b4-ec6,green
0ee584df-945b-41ce-8714-9d33abb69311,b46162a0-c58b-4f51-9818-bc8a7c52384c,a8aa7627-43db-4752-85e4-25716ecc2511,SUB-LINK-MNN5HOTM,692f22b7-e702-4e0c-953f-c932d9a7da3f,11c9f1b8-0355-4753-bd74-40b42aa53616,7c748940-dcad-4c7c-a92e-76a2344622d3,,a0000001-0000-0000-0000-000000000001,b0000001-0001-0000-0000-000000000003,sbs_561445d1f36ec049,250.00,BYN,2026-05-06 16:01:46+00,2026-05,2026-04,2,2,t,f,f,t,f,REBILL-0ee584df-945,green
d6d58910-c181-4d08-b9ce-c4e438dd9200,7b4bf9e9-2d9b-4f89-9e85-89746b42740d,413d1847-6bed-4b67-a0ee-db9a47fcba18,SUB-26-MLAFVJNZ9XEX,6217d46c-74d2-43e7-afb9-85bb412d7d29,11c9f1b8-0355-4753-bd74-40b42aa53616,7c748940-dcad-4c7c-a92e-76a2344622d3,bc0f7a90-df41-4a86-b2ea-2a1234d0d534,a0000001-0000-0000-0000-000000000001,b0000001-0001-0000-0000-000000000003,sbs_1ef2ad131d05f12e,250.00,BYN,2026-05-07 05:30:09+00,2026-05,2026-02,2,2,t,f,t,t,t,REBILL-d6d58910-c18,green
2e0a1684-ed68-4fb0-9a00-5cbefbf3924b,85970665-e5bd-465d-9303-f775dbf82445,11fa68f1-49a7-40e7-9ca4-abd4eda1b63b,SUB-26-MMHCMXD3U5LA,dd5e4180-e0fb-45b3-941e-8b09dd85970d,11c9f1b8-0355-4753-bd74-40b42aa53616,7c748940-dcad-4c7c-a92e-76a2344622d3,bc0f7a90-df41-4a86-b2ea-2a1234d0d534,a0000001-0000-0000-0000-000000000001,b0000001-0001-0000-0000-000000000003,sbs_2b4dbe2f9077b74d,250.00,BYN,2026-05-07 06:15:25+00,2026-05,2026-03,2,2,t,f,t,t,t,REBILL-2e0a1684-ed6,green
2efc999a-283f-46e9-8ffc-064355bb06ab,f99c4cb8-40a6-4887-bffe-88d866b3cc3e,471053a1-35b9-4ffd-b05d-6f754f25ceac,SUB-26-MLAIG1K35AL0,6ae5cc6e-81f5-4920-bdf6-805eb700de12,11c9f1b8-0355-4753-bd74-40b42aa53616,7c748940-dcad-4c7c-a92e-76a2344622d3,bc0f7a90-df41-4a86-b2ea-2a1234d0d534,a0000001-0000-0000-0000-000000000001,b0000001-0001-0000-0000-000000000003,sbs_5f0aa82085a440ce,250.00,BYN,2026-05-07 06:45:10+00,2026-05,2026-02,2,2,t,f,t,t,t,REBILL-2efc999a-283,green
6863b385-d3b2-4953-a325-4d055c6c9301,f10c70a3-4af4-40e2-968b-7d0ba7bbf9f4,59a138bd-0767-4575-80f2-619baf5911dc,SUB-LINK-MNO95OHK,14e5dd45-55b1-49da-ad5f-20905050a2f9,11c9f1b8-0355-4753-bd74-40b42aa53616,7c748940-dcad-4c7c-a92e-76a2344622d3,,a0000001-0000-0000-0000-000000000001,b0000001-0001-0000-0000-000000000003,sbs_c9a4fbf52548c158,250.00,BYN,2026-05-07 06:45:24+00,2026-05,2026-04,2,2,t,f,f,t,t,REBILL-6863b385-d3b,green
c8e812c7-9fa2-4b7b-b109-141be4b2b753,3d41959e-add7-4203-b6f8-ea7207715599,0a6fdacc-f4ca-467d-ba0e-1be2f91eef74,SUB-26-MNOD22HUNZ3N,bc65c4c8-7f08-4f3c-8ffd-e434e1d49dcf,11c9f1b8-0355-4753-bd74-40b42aa53616,7c748940-dcad-4c7c-a92e-76a2344622d3,bc0f7a90-df41-4a86-b2ea-2a1234d0d534,a0000001-0000-0000-0000-000000000001,b0000001-0001-0000-0000-000000000003,sbs_fa5900cc36d5d20c,250.00,BYN,2026-05-07 08:45:27+00,2026-05,2026-04,2,2,t,f,t,t,t,REBILL-c8e812c7-9fa,green
7e1216af-0b40-409b-b1a1-3dcf325f1567,e2931008-5f04-44fd-9646-2da066b8ed6d,ffab8681-d9f6-4c51-94df-c6be18991c26,SUB-26-MMHNG0IH82KC,09327235-1ac5-4c20-ba0c-c7738e02f51c,85046734-2282-4ded-b0d3-8c66c8f5bc2b,c5981337-242b-49e8-8c99-64ccf8fac13e,88c6f10d-a0c6-47f3-9d90-980b3a86fe1c,a0000001-0000-0000-0000-000000000005,b0000001-0005-0000-0000-000000000003,sbs_d2d8ac440f3104d6,250.00,BYN,2026-05-07 15:01:28+00,2026-05,2026-03,2,2,t,f,t,t,t,REBILL-7e1216af-0b4,green
c3490087-c234-4be2-9872-dc2b375bd06a,a3c6304f-aac4-496a-8151-2cbd1e248c7f,495c60b0-cb73-4ea0-be31-e015383c29e0,SUB-26-MNOP8LFR3RV0,1bd93a04-4393-41a7-8bb9-166d587686cc,11c9f1b8-0355-4753-bd74-40b42aa53616,7c748940-dcad-4c7c-a92e-76a2344622d3,bc0f7a90-df41-4a86-b2ea-2a1234d0d534,a0000001-0000-0000-0000-000000000001,b0000001-0001-0000-0000-000000000003,sbs_de9d7d2b18951d83,250.00,BYN,2026-05-07 15:01:44+00,2026-05,2026-04,2,2,t,f,t,t,t,REBILL-c3490087-c23,green
23c27ef1-28ec-4c3b-abdf-54922d458f05,c1b87a3d-4e24-4b2a-a868-9cda41be3bf6,8f7713b8-854b-4b33-b9dc-64ff74594d00,SUB-26-MLBD9YKBT7HE,211db641-cf81-45bb-a990-48c0e070daa5,11c9f1b8-0355-4753-bd74-40b42aa53616,b276d8a5-8e5f-4876-9f99-36f818722d6c,c5781abf-0376-4e1f-91dc-99773906ee77,a0000001-0000-0000-0000-000000000001,b0000001-0001-0000-0000-000000000003,sbs_cbf9ec1172d56825,150.00,BYN,2026-05-07 21:15:32+00,2026-05,2026-02,2,2,t,f,t,t,t,REBILL-23c27ef1-28e,green
3f90a44b-af0d-443a-8191-1fa249c4a195,8fbb7617-bc17-4709-900a-56b7d6e5321c,4b1f3e9d-b96f-4a5c-975c-779ba5976908,SUB-26-MLBFH0MXO4KI,f1ea9093-9297-41ac-a44a-cd0cb2602517,11c9f1b8-0355-4753-bd74-40b42aa53616,7c748940-dcad-4c7c-a92e-76a2344622d3,bc0f7a90-df41-4a86-b2ea-2a1234d0d534,a0000001-0000-0000-0000-000000000001,b0000001-0001-0000-0000-000000000003,sbs_4ea727be88d1032d,250.00,BYN,2026-05-07 22:15:24+00,2026-05,2026-02,2,2,t,f,t,t,t,REBILL-3f90a44b-af0,green
10fa237e-991c-4679-a55a-a5362bc9a629,a3daecb6-fd14-4154-906d-913969c47ee4,2c47477f-83f6-4baf-b75d-b43480bc3e1b,SUB-26-MMISTFEI4YQY,3f04b50f-db04-4216-a309-be83377a9f2f,11c9f1b8-0355-4753-bd74-40b42aa53616,b276d8a5-8e5f-4876-9f99-36f818722d6c,c5781abf-0376-4e1f-91dc-99773906ee77,a0000001-0000-0000-0000-000000000001,b0000001-0001-0000-0000-000000000003,sbs_8aabbff4820655b7,150.00,BYN,2026-05-08 06:45:43+00,2026-05,2026-03,2,2,t,f,t,t,t,REBILL-10fa237e-991,green
b458870d-cfad-4828-8e2a-d5e0b8cb5e5c,a4872944-b2a8-41b5-92bd-e55f84ddc18a,6611441c-0bcf-45e7-85e6-46d11d6d5db3,SUB-LINK-MMIZ52FC,6b0e0451-c01b-4cd9-8fc4-dd7e83fd5c65,11c9f1b8-0355-4753-bd74-40b42aa53616,7c748940-dcad-4c7c-a92e-76a2344622d3,,a0000001-0000-0000-0000-000000000001,b0000001-0001-0000-0000-000000000004,sbs_b5c5ea6a57413c72,250.00,BYN,2026-05-08 09:31:25+00,2026-05,2026-03,3,3,t,f,f,t,t,REBILL-b458870d-cfa,green
c796d2d6-fcb5-4f63-8931-8455ca298d28,aec5e958-ebbc-4245-af02-9d1e693b3397,1248c17d-38bb-483c-bf33-204acf5da0e8,SUB-LINK-MMJ72W7T,80afcb07-3d07-40b8-aff7-c17e179e39f5,11c9f1b8-0355-4753-bd74-40b42aa53616,31f75673-a7ae-420a-b5ab-5906e34cbf84,,a0000001-0000-0000-0000-000000000001,b0000001-0001-0000-0000-000000000003,sbs_9f5537f920b16087,100.00,BYN,2026-05-08 13:15:21+00,2026-05,2026-03,2,2,t,f,f,f,t,REBILL-c796d2d6-fcb,green
c88f8537-988e-4c41-96b7-b2643823f0f3,8dfd0256-a681-49fa-a9a7-ee79bec2e8ea,654d6ec2-0c9e-489b-9c3d-6d51210e3f4a,SUB-LINK-MMK7C0D2,4870dfc5-6609-4e0c-96a9-20fbd2d05928,11c9f1b8-0355-4753-bd74-40b42aa53616,7c748940-dcad-4c7c-a92e-76a2344622d3,,a0000001-0000-0000-0000-000000000001,b0000001-0001-0000-0000-000000000003,sbs_0b283f74379f6e42,250.00,BYN,2026-05-09 08:15:48+00,2026-05,2026-03,2,2,t,f,f,f,t,REBILL-c88f8537-988,green
ec28edf4-cf85-4c6f-82f5-59e985080445,1bcab330-5a80-4189-a479-6f3de97f1011,d27fb304-4d96-4c4e-83a2-fcc307d08031,SUB-LINK-MMLMRNMZ,a8b321b2-779b-42b8-a8d4-bde8ecba7dac,11c9f1b8-0355-4753-bd74-40b42aa53616,7c748940-dcad-4c7c-a92e-76a2344622d3,,a0000001-0000-0000-0000-000000000001,b0000001-0001-0000-0000-000000000003,sbs_4665c1ef51f08fb1,250.00,BYN,2026-05-10 10:45:33+00,2026-05,2026-03,2,2,t,f,f,f,t,REBILL-ec28edf4-cf8,green
be0621d0-e536-4180-9ca0-c322a82f4320,e60433e3-72d5-431e-8e5e-a90060b050ec,66c5720b-6b2d-42d6-8fe0-bdf5119a06e7,SUB-26-MMM4H1RH81OZ,6ae5cc6e-81f5-4920-bdf6-805eb700de12,85046734-2282-4ded-b0d3-8c66c8f5bc2b,c5981337-242b-49e8-8c99-64ccf8fac13e,88c6f10d-a0c6-47f3-9d90-980b3a86fe1c,a0000001-0000-0000-0000-000000000005,b0000001-0005-0000-0000-000000000003,sbs_192b2c04a9ddb087,250.00,BYN,2026-05-10 14:31:17+00,2026-05,2026-03,2,2,t,f,t,t,t,REBILL-be0621d0-e53,green
a154044c-2bd0-4c1c-b1e3-e9bab8148cba,eb03e1e6-0f9d-40fa-b1fb-76cb64d860f7,edb760eb-dfef-4a61-a636-e7cb396cff5d,SUB-26-MLFBFLB0BJ5F,014f5822-01e2-42ec-aee1-df1c80d1ba18,11c9f1b8-0355-4753-bd74-40b42aa53616,7c748940-dcad-4c7c-a92e-76a2344622d3,bc0f7a90-df41-4a86-b2ea-2a1234d0d534,a0000001-0000-0000-0000-000000000001,b0000001-0001-0000-0000-000000000003,sbs_15fdfe51b6acb4c8,250.00,BYN,2026-05-10 15:30:21+00,2026-05,2026-02,2,2,t,f,t,t,t,REBILL-a154044c-2bd,green
0c3f19e8-3209-45e9-91d0-200ec5fc874b,a151abe6-76e4-4e85-af17-af41a2ee3514,17181a8c-8de6-405f-a100-db5af4f5e08b,SUB-26-MNUMY7HBD2DT,94dd8f18-fd9b-4f06-ab57-c759f1c59a3e,11c9f1b8-0355-4753-bd74-40b42aa53616,b276d8a5-8e5f-4876-9f99-36f818722d6c,c5781abf-0376-4e1f-91dc-99773906ee77,a0000001-0000-0000-0000-000000000001,b0000001-0001-0000-0000-000000000003,sbs_dcd7ff7cb67afc9d,150.00,BYN,2026-05-11 18:00:23+00,2026-05,2026-04,2,2,t,f,t,t,t,REBILL-0c3f19e8-320,green
d5baaafd-7d37-4026-862d-1bc14541d9cf,5b6fbce6-76ac-4811-b0e5-51d35a3e4031,cb93d2b0-8b2e-4f77-af55-b772943fc350,SUB-26-MLHRIW9R1WQ8,7e1405d4-4f6b-48a6-bb01-0013ad941261,11c9f1b8-0355-4753-bd74-40b42aa53616,7c748940-dcad-4c7c-a92e-76a2344622d3,bc0f7a90-df41-4a86-b2ea-2a1234d0d534,a0000001-0000-0000-0000-000000000001,b0000001-0001-0000-0000-000000000003,sbs_6885bd12d2c44c7e,250.00,BYN,2026-05-12 08:30:22+00,2026-05,2026-02,2,2,t,f,t,t,t,REBILL-d5baaafd-7d3,green
8d60ae2d-685e-4961-8755-410815ac98d5,3d4b25e5-25e6-44ac-ab09-e15ec87bf0fb,dec24376-5740-461e-96b7-caad3473ee6f,SUB-26-MLHT0UNCS2V6,c85b6814-1f14-49c9-8e68-12a76514b239,11c9f1b8-0355-4753-bd74-40b42aa53616,7c748940-dcad-4c7c-a92e-76a2344622d3,bc0f7a90-df41-4a86-b2ea-2a1234d0d534,a0000001-0000-0000-0000-000000000001,b0000001-0001-0000-0000-000000000003,sbs_44b06e35fb375948,250.00,BYN,2026-05-12 09:15:42+00,2026-05,2026-02,2,2,t,f,t,t,t,REBILL-8d60ae2d-685,green
46d76890-d1e2-4844-8728-b62d560d3cd8,268d27b1-5f3e-4011-85f5-b667da42f515,09e73f9b-6618-4d4d-b4ec-0577f5fdffbf,SUB-26-MNW5U5EE9MZA,d4ee0786-2880-41c5-964c-7446aa498b3e,11c9f1b8-0355-4753-bd74-40b42aa53616,31f75673-a7ae-420a-b5ab-5906e34cbf84,6f306cbc-24e8-4589-b6f3-2dca9e4d0c8e,a0000001-0000-0000-0000-000000000001,b0000001-0001-0000-0000-000000000003,sbs_7117fc6dae61d654,100.00,BYN,2026-05-12 19:45:20+00,2026-05,2026-04,2,2,t,f,t,t,t,REBILL-46d76890-d1e,green
b26c7149-6913-4df6-9525-5d2970ac46a8,91538e9e-1a8c-4603-85ba-34e8302c33f8,8f11d65c-1299-4d4d-988c-2b5816e726db,SUB-26-MNWAPWJVFWND,5c6e6e0f-7b19-4ebf-957c-fa491c7e52cb,85046734-2282-4ded-b0d3-8c66c8f5bc2b,c5981337-242b-49e8-8c99-64ccf8fac13e,88c6f10d-a0c6-47f3-9d90-980b3a86fe1c,a0000001-0000-0000-0000-000000000005,b0000001-0005-0000-0000-000000000003,sbs_b3ff4a45c4a218df,250.00,BYN,2026-05-12 22:00:43+00,2026-05,2026-04,2,2,t,f,t,t,t,REBILL-b26c7149-691,green
e81d8eb8-6edb-4950-b148-8e50fdbd1dd4,eaf29162-ce28-4891-9e91-8288464d8cca,8d265327-a101-488a-a0f0-fdce62b1f1ad,SUB-26-MLJ1TDJCA0RV,51f7fd83-c48a-4ff8-8fd2-bf2257c27ec3,11c9f1b8-0355-4753-bd74-40b42aa53616,b276d8a5-8e5f-4876-9f99-36f818722d6c,c5781abf-0376-4e1f-91dc-99773906ee77,a0000001-0000-0000-0000-000000000001,b0000001-0001-0000-0000-000000000003,sbs_26f37f438fc54493,150.00,BYN,2026-05-13 06:00:54+00,2026-05,2026-02,2,2,t,f,t,t,t,REBILL-e81d8eb8-6ed,green
51004810-3976-4de2-a7c0-50fee6ca13a8,c072bc10-7824-44f7-99aa-4616d3234c35,80ecb4b6-af0d-41a7-9b6c-8cfbc9cebc10,SUB-LINK-MNX3DMZQ,baacd7a4-a99e-46f8-9de8-58e8990cdcbd,11c9f1b8-0355-4753-bd74-40b42aa53616,7c748940-dcad-4c7c-a92e-76a2344622d3,,a0000001-0000-0000-0000-000000000001,b0000001-0001-0000-0000-000000000003,sbs_f9677ae03411f4a5,250.00,BYN,2026-05-14 03:00:37+00,2026-05,2026-04,2,2,t,f,f,t,t,REBILL-51004810-397,green
5a22133c-94fc-4adf-9ac9-9ed56567be0b,5327466b-d355-4740-8811-394106f26b95,d9eb57ae-5333-41a3-9dd6-7e7f3862320d,SUB-26-MMRMXDM23ZUE,7c53b6af-92d0-4a8d-881f-3fe9de45dffd,85046734-2282-4ded-b0d3-8c66c8f5bc2b,c5981337-242b-49e8-8c99-64ccf8fac13e,88c6f10d-a0c6-47f3-9d90-980b3a86fe1c,a0000001-0000-0000-0000-000000000005,b0000001-0005-0000-0000-000000000003,sbs_eb429835e64d9c38,250.00,BYN,2026-05-14 11:01:24+00,2026-05,2026-03,2,2,t,f,t,t,t,REBILL-5a22133c-94f,green
2ed16d0b-e163-4e11-af8e-d2f580590669,9b154c0f-beb4-45f7-bab5-54c3ab168b3f,01ac6a97-0860-49ad-ac60-ff74693a58de,SUB-26-MNYKYF1EUTC0,f08cc354-02c3-4c66-9906-1812e4cc6af3,11c9f1b8-0355-4753-bd74-40b42aa53616,b276d8a5-8e5f-4876-9f99-36f818722d6c,c5781abf-0376-4e1f-91dc-99773906ee77,a0000001-0000-0000-0000-000000000001,b0000001-0001-0000-0000-000000000003,sbs_48d2359b5e8c9caf,150.00,BYN,2026-05-14 12:16:18+00,2026-05,2026-04,2,2,t,f,t,t,t,REBILL-2ed16d0b-e16,green
14d419cb-e1ea-4756-ad9c-5996779a0795,bdfc574d-2f3c-4aa1-8376-9c81c7379598,68e2c243-8950-491e-b6d2-bdefd1e8d506,SUB-LINK-MMU8KF07,78123ed5-3a00-4982-87cf-72de6c0cdb8c,11c9f1b8-0355-4753-bd74-40b42aa53616,7c748940-dcad-4c7c-a92e-76a2344622d3,,a0000001-0000-0000-0000-000000000001,b0000001-0001-0000-0000-000000000003,sbs_70f8efb8949a490c,250.00,BYN,2026-05-16 06:45:45.805+00,2026-05,2026-03,2,2,t,t,f,f,t,REBILL-14d419cb-e1e,green
731b5d67-0339-4c0f-9b8b-00c9698ea628,96e4d31e-15a2-4c80-95d9-8a25605b7852,2145b072-f2eb-490c-8b0f-955cd2a868a8,SUB-26-MLNJYLSA16GX,7490e1cf-8522-4850-b0d6-c9a8f0348c68,11c9f1b8-0355-4753-bd74-40b42aa53616,7c748940-dcad-4c7c-a92e-76a2344622d3,bc0f7a90-df41-4a86-b2ea-2a1234d0d534,a0000001-0000-0000-0000-000000000001,b0000001-0001-0000-0000-000000000003,sbs_6916022add81b22e,250.00,BYN,2026-05-16 09:45:21.475+00,2026-05,2026-02,2,2,t,t,t,t,t,REBILL-731b5d67-033,green
7305bf8e-f7e8-4440-8190-4a2a978e8847,20c533bd-275a-43a9-9ea3-579e59ca4b55,fb069a23-5e06-4c78-ac46-951900fa59ce,SUB-LINK-MLNXIPAA,f4dba33b-6afb-4360-a7ee-a94f58858ae2,11c9f1b8-0355-4753-bd74-40b42aa53616,31f75673-a7ae-420a-b5ab-5906e34cbf84,,a0000001-0000-0000-0000-000000000001,b0000001-0001-0000-0000-000000000003,sbs_937389c41f7daaa7,55.00,BYN,2026-05-16 16:15:32.322+00,2026-05,2026-02,2,2,t,t,t,t,t,REBILL-7305bf8e-f7e,green
5fc22e49-9e15-430a-a7a2-c5a0d12084a6,0baeaac6-c7b3-40bb-8c40-ceee7070b2fe,efe58870-e539-4e76-874a-9e5b03a66ae3,SUB-LINK-MLNYCZPF,ddcb6288-caed-44b6-819a-925956676a27,11c9f1b8-0355-4753-bd74-40b42aa53616,7c748940-dcad-4c7c-a92e-76a2344622d3,,a0000001-0000-0000-0000-000000000001,b0000001-0001-0000-0000-000000000003,sbs_88d5b971d22e57dd,250.00,BYN,2026-05-16 16:31:05.282+00,2026-05,2026-02,2,2,t,t,t,t,t,REBILL-5fc22e49-9e1,green
489f08eb-2541-4bd3-9ad2-18e9aa99e45a,12a8d729-3c95-49c4-9095-1091bd8fcb35,22efc628-bfae-4826-9cde-f2207cd4cdbe,SUB-26-MMVMU7XAIA3D,b703926f-13a2-4161-96de-6fa89315dee8,11c9f1b8-0355-4753-bd74-40b42aa53616,7c748940-dcad-4c7c-a92e-76a2344622d3,bc0f7a90-df41-4a86-b2ea-2a1234d0d534,a0000001-0000-0000-0000-000000000001,b0000001-0001-0000-0000-000000000003,sbs_08d7721584a098ab,250.00,BYN,2026-05-17 06:15:39.715+00,2026-05,2026-03,2,2,t,t,t,t,t,REBILL-489f08eb-254,green
